CA,California,Alameda,$6.400
CA,California,Alpine,$6.799
CA,California,Amador,$6.151
CA,California,Butte,$6.066
CA,California,Calaveras,$6.313
CA,California,Colusa,$6.358
CA,California,Contra Costa,$6.350
CA,California,Del Norte,$6.747
CA,California,El Dorado,$6.327
CA,California,Fresno,$6.061
CA,California,Glenn,$6.106
CA,California,Humboldt,$6.872
CA,California,Imperial,$5.983
CA,California,Inyo,$6.385
CA,California,Kern,$6.130
CA,California,Kings,$6.061
CA,California,Lake,$6.237
CA,California,Lassen,$6.154
CA,California,Los Angeles,$6.385
CA,California,Madera,$6.073
CA,California,Marin,$6.547
CA,California,Mariposa,$6.104
CA,California,Mendocino,$6.084
CA,California,Merced,$6.092
CA,California,Modoc,$6.075
CA,California,Mono,$6.908
CA,California,Monterey,$6.364
CA,California,Napa,$6.418
CA,California,Nevada,$6.402
CA,California,Orange,$6.385
CA,California,Placer,$6.259
CA,California,Plumas,$6.210
CA,California,Riverside,$6.241
CA,California,Sacramento,$6.194
CA,California,San Benito,$6.141
CA,California,San Bernardino,$6.224
CA,California,San Diego,$6.325
CA,California,San Francisco,$6.478
CA,California,San Joaquin,$6.196
CA,California,San Luis Obispo,$6.504
CA,California,San Mateo,$6.524
CA,California,Santa Barbara,$6.298
CA,California,Santa Clara,$6.398
CA,California,Santa Cruz,$6.221
CA,California,Shasta,$6.251
CA,California,Sierra,$6.739
CA,California,Siskiyou,$6.386
CA,California,Solano,$6.259
CA,California,Sonoma,$6.444
CA,California,Stanislaus,$6.037
CA,California,Sutter,$5.860
CA,California,Tehama,$6.087
CA,California,Trinity,$6.607
CA,California,Tulare,$6.120
CA,California,Tuolumne,$5.996
CA,California,Ventura,$6.312
CA,California,Yolo,$6.201
CA,California,Yuba,$6.004
NV,Nevada,Carson City,$5.484
NV,Nevada,Churchill,$5.535
NV,Nevada,Clark,$5.442
NV,Nevada,Douglas,$5.557
NV,Nevada,Elko,$4.531
NV,Nevada,Esmeralda,
NV,Nevada,Eureka,$4.829
NV,Nevada,Humboldt,$4.699
NV,Nevada,Lander,$4.512
NV,Nevada,Lincoln,$4.636
NV,Nevada,Lyon,$5.343
NV,Nevada,Mineral,$6.221
NV,Nevada,Nye,$5.085
NV,Nevada,Pershing,$5.834
NV,Nevada,Storey,
NV,Nevada,Washoe,$5.725
NV,Nevada,White Pine,$4.430
OR,Oregon,Baker,$4.801
OR,Oregon,Benton,$5.037
OR,Oregon,Clackamas,$5.424
OR,Oregon,Clatsop,$5.404
OR,Oregon,Columbia,$5.380
OR,Oregon,Coos,$5.490
OR,Oregon,Crook,$5.336
OR,Oregon,Curry,$5.581
OR,Oregon,Deschutes,$5.425
OR,Oregon,Douglas,$5.339
OR,Oregon,Gilliam,$4.999
OR,Oregon,Grant,$5.212
OR,Oregon,Harney,$5.245
OR,Oregon,Hood River,$5.487
OR,Oregon,Jackson,$5.560
OR,Oregon,Jefferson,$5.305
OR,Oregon,Josephine,$5.607
OR,Oregon,Klamath,$5.283
OR,Oregon,Lake,$5.579
OR,Oregon,Lane,$5.348
OR,Oregon,Lincoln,$5.160
OR,Oregon,Linn,$5.212
OR,Oregon,Malheur,$4.556
OR,Oregon,Marion,$5.250
OR,Oregon,Morrow,$4.911
OR,Oregon,Multnomah,$5.484
OR,Oregon,Polk,$5.249
OR,Oregon,Sherman,$5.483
OR,Oregon,Tillamook,$5.591
OR,Oregon,Umatilla,$4.972
OR,Oregon,Union,$4.852
OR,Oregon,Wallowa,$5.114
OR,Oregon,Wasco,$5.410
OR,Oregon,Washington,$5.418
OR,Oregon,Wheeler,
OR,Oregon,Yamhill,$5.353
WA,Washington,Adams,$4.931
WA,Washington,Asotin,$4.599
WA,Washington,Benton,$4.888
WA,Washington,Chelan,$5.115
WA,Washington,Clallam,$5.191
WA,Washington,Clark,$5.362
WA,Washington,Columbia,$4.999
WA,Washington,Cowlitz,$5.394
WA,Washington,Douglas,$5.004
WA,Washington,Ferry,$4.985
WA,Washington,Franklin,$4.903
WA,Washington,Garfield,$4.749
WA,Washington,Grant,$5.053
WA,Washington,Grays Harbor,$5.366
WA,Washington,Island,$5.131
WA,Washington,Jefferson,$5.316
WA,Washington,King,$5.445
WA,Washington,Kitsap,$5.284
WA,Washington,Kittitas,$5.113
WA,Washington,Klickitat,$5.382
WA,Washington,Lewis,$5.390
WA,Washington,Lincoln,$4.852
WA,Washington,Mason,$5.409
WA,Washington,Okanogan,$4.945
WA,Washington,Pacific,$5.419
WA,Washington,Pend Oreille,$4.659
WA,Washington,Pierce,$5.334
WA,Washington,San Juan,$5.944
WA,Washington,Skagit,$5.134
WA,Washington,Skamania,$5.722
WA,Washington,Snohomish,$5.319
WA,Washington,Spokane,$4.750
WA,Washington,Stevens,$4.791
WA,Washington,Thurston,$5.288
WA,Washington,Wahkiakum,$5.649
WA,Washington,Walla Walla,$5.014
WA,Washington,Whatcom,$5.253
WA,Washington,Whitman,$4.854
WA,Washington,Yakima,$5.013
HI,Hawaii,Hawaii,$5.218
HI,Hawaii,Honolulu,$5.188
HI,Hawaii,Kalawao,
HI,Hawaii,Kauai,$5.568
HI,Hawaii,Maui,$5.378
AK,Alaska,Aleutians East,
AK,Alaska,Aleutians West,$5.349
AK,Alaska,Anchorage,$5.273
AK,Alaska,Bethel,
AK,Alaska,Bristol Bay,
AK,Alaska,Denali,$5.267
AK,Alaska,Dillingham,
AK,Alaska,Fairbanks North Star,$5.216
AK,Alaska,Haines,
AK,Alaska,Juneau,$4.933
AK,Alaska,Kenai Peninsula,$5.138
AK,Alaska,Ketchikan Gateway,$5.192
AK,Alaska,Kodiak Island,$5.579
AK,Alaska,Matanuska Susitna,$5.180
AK,Alaska,Nome,
AK,Alaska,North Slope,
AK,Alaska,Northwest Arctic,
AK,Alaska,Lake and Peninsula,
AK,Alaska,Prince Wales Ketchikan,$4.684
AK,Alaska,Sitka,$5.789
AK,Alaska,Skagway Hoonah Angoon,
AK,Alaska,Southeast Fairbanks,$5.192
AK,Alaska,Valdez Cordova,$5.759
AK,Alaska,Wade Hampton,
AK,Alaska,Wrangell Petersburg,$5.419
AK,Alaska,Yakutat,
AK,Alaska,Yukon Koyukuk,$5.739
AZ,Arizona,Apache,$3.970
AZ,Arizona,Cochise,$3.778
AZ,Arizona,Coconino,$4.139
AZ,Arizona,Gila,$4.048
AZ,Arizona,Graham,$3.986
AZ,Arizona,Greenlee,$3.979
AZ,Arizona,La Paz,$4.074
AZ,Arizona,Maricopa,$4.914
AZ,Arizona,Mohave,$4.290
AZ,Arizona,Navajo,$4.000
AZ,Arizona,Pima,$3.442
AZ,Arizona,Pinal,$4.787
AZ,Arizona,Santa Cruz,$3.662
AZ,Arizona,Yavapai,$4.075
AZ,Arizona,Yuma,$3.864
ID,Idaho,Ada,$4.398
ID,Idaho,Adams,$4.649
ID,Idaho,Bannock,$4.374
ID,Idaho,Bear Lake,$4.445
ID,Idaho,Benewah,$4.609
ID,Idaho,Bingham,$4.271
ID,Idaho,Blaine,$4.805
ID,Idaho,Boise,$4.902
ID,Idaho,Bonner,$4.617
ID,Idaho,Bonneville,$4.278
ID,Idaho,Boundary,$4.416
ID,Idaho,Butte,$4.372
ID,Idaho,Camas,$4.699
ID,Idaho,Canyon,$4.417
ID,Idaho,Caribou,$4.367
ID,Idaho,Cassia,$4.286
ID,Idaho,Clark,$4.599
ID,Idaho,Clearwater,$4.759
ID,Idaho,Custer,$4.416
ID,Idaho,Elmore,$4.434
ID,Idaho,Franklin,$4.223
ID,Idaho,Fremont,$4.668
ID,Idaho,Gem,$4.392
ID,Idaho,Gooding,$4.374
ID,Idaho,Idaho,$4.627
ID,Idaho,Jefferson,$4.368
ID,Idaho,Jerome,$4.435
ID,Idaho,Kootenai,$4.471
ID,Idaho,Latah,$4.570
ID,Idaho,Lemhi,$4.350
ID,Idaho,Lewis,$4.571
ID,Idaho,Lincoln,$4.399
ID,Idaho,Madison,$4.372
ID,Idaho,Minidoka,$4.272
ID,Idaho,Nez perce,$4.448
ID,Idaho,Oneida,$4.099
ID,Idaho,Owyhee,$4.487
ID,Idaho,Payette,$4.437
ID,Idaho,Power,$4.434
ID,Idaho,Shoshone,$4.577
ID,Idaho,Teton,$4.510
ID,Idaho,Twin falls,$4.321
ID,Idaho,Valley,$4.790
ID,Idaho,Washington,$4.407
UT,Utah,Beaver,$4.492
UT,Utah,Box Elder,$4.071
UT,Utah,Cache,$4.223
UT,Utah,Carbon,$4.087
UT,Utah,Daggett,$4.489
UT,Utah,Davis,$4.169
UT,Utah,Duchesne,$4.122
UT,Utah,Emery,$4.064
UT,Utah,Garfield,$4.497
UT,Utah,Grand,$4.601
UT,Utah,Iron,$4.258
UT,Utah,Juab,$3.951
UT,Utah,Kane,$4.579
UT,Utah,Millard,$4.343
UT,Utah,Morgan,$4.262
UT,Utah,Piute,$4.559
UT,Utah,Rich,$4.519
UT,Utah,Salt Lake,$4.113
UT,Utah,San Juan,$4.425
UT,Utah,Sanpete,$4.120
UT,Utah,Sevier,$4.040
UT,Utah,Summit,$4.354
UT,Utah,Tooele,$4.028
UT,Utah,Uintah,$4.146
UT,Utah,Utah,$4.048
UT,Utah,Wasatch,$4.292
UT,Utah,Washington,$4.511
UT,Utah,Wayne,$4.505
UT,Utah,Weber,$4.045
MI,Michigan,Alcona,$4.199
MI,Michigan,Alger,$4.261
MI,Michigan,Allegan,$4.182
MI,Michigan,Alpena,$4.176
MI,Michigan,Antrim,$4.187
MI,Michigan,Arenac,$4.196
MI,Michigan,Baraga,$4.114
MI,Michigan,Barry,$4.165
MI,Michigan,Bay,$4.181
MI,Michigan,Benzie,$4.195
MI,Michigan,Berrien,$4.144
MI,Michigan,Branch,$4.141
MI,Michigan,Calhoun,$4.137
MI,Michigan,Cass,$4.116
MI,Michigan,Charlevoix,$4.184
MI,Michigan,Cheboygan,$4.227
MI,Michigan,Chippewa,$4.299
MI,Michigan,Clare,$4.182
MI,Michigan,Clinton,$4.156
MI,Michigan,Crawford,$4.232
MI,Michigan,Delta,$4.165
MI,Michigan,Dickinson,$4.259
MI,Michigan,Eaton,$4.165
MI,Michigan,Emmet,$4.197
MI,Michigan,Genesee,$4.169
MI,Michigan,Gladwin,$4.170
MI,Michigan,Gogebic,$4.215
MI,Michigan,Grand Traverse,$4.106
MI,Michigan,Gratiot,$4.236
MI,Michigan,Hillsdale,$4.087
MI,Michigan,Houghton,$4.222
MI,Michigan,Huron,$4.116
MI,Michigan,Ingham,$4.188
MI,Michigan,Ionia,$4.174
MI,Michigan,Iosco,$4.140
MI,Michigan,Iron,$4.153
MI,Michigan,Isabella,$4.152
MI,Michigan,Jackson,$4.157
MI,Michigan,Kalamazoo,$4.133
MI,Michigan,Kalkaska,$4.190
MI,Michigan,Kent,$4.156
MI,Michigan,Keweenaw,$4.199
MI,Michigan,Lake,$4.221
MI,Michigan,Lapeer,$4.181
MI,Michigan,Leelanau,$4.142
MI,Michigan,Lenawee,$4.089
MI,Michigan,Livingston,$4.150
MI,Michigan,Luce,$4.052
MI,Michigan,Mackinac,$4.243
MI,Michigan,Macomb,$4.181
MI,Michigan,Manistee,$4.202
MI,Michigan,Marquette,$4.273
MI,Michigan,Mason,$4.123
MI,Michigan,Mecosta,$4.127
MI,Michigan,Menominee,$4.142
MI,Michigan,Midland,$4.170
MI,Michigan,Missaukee,$4.000
MI,Michigan,Monroe,$4.130
MI,Michigan,Montcalm,$4.102
MI,Michigan,Montmorency,$4.182
MI,Michigan,Muskegon,$4.159
MI,Michigan,Newaygo,$4.133
MI,Michigan,Oakland,$4.218
MI,Michigan,Oceana,$4.160
MI,Michigan,Ogemaw,$4.196
MI,Michigan,Ontonagon,$4.297
MI,Michigan,Osceola,$4.175
MI,Michigan,Oscoda,$4.187
MI,Michigan,Otsego,$4.171
MI,Michigan,Ottawa,$4.148
MI,Michigan,Presque Isle,$4.182
MI,Michigan,Roscommon,$4.163
MI,Michigan,Saginaw,$4.152
MI,Michigan,Sanilac,$4.155
MI,Michigan,Schoolcraft,$4.324
MI,Michigan,Shiawassee,$4.192
MI,Michigan,Saint Clair,$4.186
MI,Michigan,Saint Joseph,$4.133
MI,Michigan,Tuscola,$4.146
MI,Michigan,Van Buren,$4.146
MI,Michigan,Washtenaw,$4.190
MI,Michigan,Wayne,$4.153
MI,Michigan,Wexford,$4.162
IL,Illinois,Adams,$3.859
IL,Illinois,Alexander,$3.759
IL,Illinois,Bond,$3.900
IL,Illinois,Boone,$4.129
IL,Illinois,Brown,$3.799
IL,Illinois,Bureau,$3.973
IL,Illinois,Calhoun,$3.999
IL,Illinois,Carroll,$4.007
IL,Illinois,Cass,$3.699
IL,Illinois,Champaign,$3.939
IL,Illinois,Christian,$3.918
IL,Illinois,Clark,$3.931
IL,Illinois,Clay,$3.990
IL,Illinois,Clinton,$3.879
IL,Illinois,Coles,$4.070
IL,Illinois,Cook,$4.508
IL,Illinois,Crawford,$3.991
IL,Illinois,Cumberland,$4.066
IL,Illinois,Dewitt,$3.993
IL,Illinois,De Kalb,$4.127
IL,Illinois,Douglas,$3.970
IL,Illinois,Du Page,$4.213
IL,Illinois,Edgar,$3.987
IL,Illinois,Edwards,$3.999
IL,Illinois,Effingham,$4.005
IL,Illinois,Fayette,$4.026
IL,Illinois,Ford,$4.008
IL,Illinois,Franklin,$3.817
IL,Illinois,Fulton,$3.928
IL,Illinois,Gallatin,$3.999
IL,Illinois,Greene,$3.930
IL,Illinois,Grundy,$4.017
IL,Illinois,Hamilton,$3.906
IL,Illinois,Hancock,$3.878
IL,Illinois,Hardin,$4.129
IL,Illinois,Henderson,$3.982
IL,Illinois,Henry,$3.943
IL,Illinois,Iroquois,$3.895
IL,Illinois,Jackson,$3.843
IL,Illinois,Jasper,$4.002
IL,Illinois,Jefferson,$3.972
IL,Illinois,Jersey,$3.955
IL,Illinois,Jo Daviess,$3.908
IL,Illinois,Johnson,$3.849
IL,Illinois,Kane,$4.164
IL,Illinois,Kankakee,$3.972
IL,Illinois,Kendall,$4.112
IL,Illinois,Knox,$3.756
IL,Illinois,La Salle,$3.965
IL,Illinois,Lake,$4.202
IL,Illinois,Lawrence,$3.808
IL,Illinois,Lee,$4.005
IL,Illinois,Livingston,$3.935
IL,Illinois,Logan,$3.766
IL,Illinois,Macon,$3.839
IL,Illinois,Macoupin,$3.924
IL,Illinois,Madison,$3.721
IL,Illinois,Marion,$3.993
IL,Illinois,Marshall,$3.999
IL,Illinois,Mason,$3.860
IL,Illinois,Massac,$3.669
IL,Illinois,McDonough,$3.908
IL,Illinois,McHenry,$4.147
IL,Illinois,McLean,$4.000
IL,Illinois,Menard,$3.977
IL,Illinois,Mercer,$4.023
IL,Illinois,Monroe,$3.826
IL,Illinois,Montgomery,$3.959
IL,Illinois,Morgan,$3.976
IL,Illinois,Moultrie,$4.006
IL,Illinois,Ogle,$3.990
IL,Illinois,Peoria,$4.107
IL,Illinois,Perry,$3.699
IL,Illinois,Piatt,$3.970
IL,Illinois,Pike,$3.857
IL,Illinois,Pope,$3.899
IL,Illinois,Pulaski,$3.926
IL,Illinois,Putnam,$3.999
IL,Illinois,Randolph,$3.745
IL,Illinois,Richland,$3.999
IL,Illinois,Rock Island,$3.916
IL,Illinois,Saline,$4.074
IL,Illinois,Sangamon,$3.973
IL,Illinois,Schuyler,$3.784
IL,Illinois,Scott,$3.769
IL,Illinois,Shelby,$3.931
IL,Illinois,Saint Clair,$3.927
IL,Illinois,Stark,$3.999
IL,Illinois,Stephenson,$3.940
IL,Illinois,Tazewell,$4.014
IL,Illinois,Union,$3.949
IL,Illinois,Vermilion,$3.962
IL,Illinois,Wabash,$3.930
IL,Illinois,Warren,$4.010
IL,Illinois,Washington,$3.787
IL,Illinois,Wayne,$3.955
IL,Illinois,White,$3.937
IL,Illinois,Whiteside,$3.970
IL,Illinois,Will,$4.156
IL,Illinois,Williamson,$3.889
IL,Illinois,Winnebago,$4.134
IL,Illinois,Woodford,$3.980
IN,Indiana,Adams,$4.027
IN,Indiana,Allen,$4.078
IN,Indiana,Bartholomew,$4.059
IN,Indiana,Benton,$4.112
IN,Indiana,Blackford,$4.087
IN,Indiana,Boone,$4.072
IN,Indiana,Brown,$4.097
IN,Indiana,Carroll,$4.177
IN,Indiana,Cass,$4.107
IN,Indiana,Clark,$3.542
IN,Indiana,Clay,$4.051
IN,Indiana,Clinton,$4.074
IN,Indiana,Crawford,$3.667
IN,Indiana,Daviess,$3.947
IN,Indiana,De Kalb,$4.055
IN,Indiana,Dearborn,$3.809
IN,Indiana,Decatur,$4.013
IN,Indiana,Delaware,$4.058
IN,Indiana,Dubois,$3.646
IN,Indiana,Elkhart,$4.045
IN,Indiana,Fayette,$4.079
IN,Indiana,Floyd,$3.523
IN,Indiana,Fountain,$4.045
IN,Indiana,Franklin,$4.042
IN,Indiana,Fulton,$4.079
IN,Indiana,Gibson,$3.602
IN,Indiana,Grant,$4.072
IN,Indiana,Greene,$3.940
IN,Indiana,Hamilton,$4.091
IN,Indiana,Hancock,$4.068
IN,Indiana,Harrison,$3.535
IN,Indiana,Hendricks,$4.066
IN,Indiana,Henry,$3.990
IN,Indiana,Howard,$4.063
IN,Indiana,Huntington,$4.035
IN,Indiana,Jackson,$4.060
IN,Indiana,Jasper,$4.169
IN,Indiana,Jay,$4.131
IN,Indiana,Jefferson,$4.078
IN,Indiana,Jennings,$4.075
IN,Indiana,Johnson,$4.052
IN,Indiana,Knox,$3.932
IN,Indiana,Kosciusko,$4.078
IN,Indiana,La Porte,$4.182
IN,Indiana,Lagrange,$4.021
IN,Indiana,Lake,$4.142
IN,Indiana,Lawrence,$3.924
IN,Indiana,Madison,$4.053
IN,Indiana,Marion,$4.031
IN,Indiana,Marshall,$4.072
IN,Indiana,Martin,$3.721
IN,Indiana,Miami,$4.030
IN,Indiana,Monroe,$4.089
IN,Indiana,Montgomery,$4.060
IN,Indiana,Morgan,$4.037
IN,Indiana,Newton,$3.920
IN,Indiana,Noble,$4.060
IN,Indiana,Ohio,$3.872
IN,Indiana,Orange,$3.592
IN,Indiana,Owen,$4.099
IN,Indiana,Parke,$4.024
IN,Indiana,Perry,$3.628
IN,Indiana,Pike,$3.729
IN,Indiana,Porter,$4.165
IN,Indiana,Posey,$3.606
IN,Indiana,Pulaski,$4.143
IN,Indiana,Putnam,$4.066
IN,Indiana,Randolph,$4.024
IN,Indiana,Ripley,$3.979
IN,Indiana,Rush,$4.028
IN,Indiana,Scott,$3.982
IN,Indiana,Shelby,$4.071
IN,Indiana,Spencer,$3.664
IN,Indiana,Saint Joseph,
IN,Indiana,Starke,$4.110
IN,Indiana,Steuben,$4.076
IN,Indiana,Sullivan,$3.959
IN,Indiana,Switzerland,$3.874
IN,Indiana,Tippecanoe,$4.148
IN,Indiana,Tipton,$4.017
IN,Indiana,Union,$3.974
IN,Indiana,Vanderburgh,$3.363
IN,Indiana,Vermillion,$3.908
IN,Indiana,Vigo,$3.966
IN,Indiana,Wabash,$4.016
IN,Indiana,Warren,$4.224
IN,Indiana,Warrick,$3.428
IN,Indiana,Washington,$3.941
IN,Indiana,Wayne,$3.953
IN,Indiana,Wells,$4.022
IN,Indiana,White,$4.012
IN,Indiana,Whitley,$4.082
MT,Montana,Beaverhead,$4.189
MT,Montana,Big Horn,$3.962
MT,Montana,Blaine,$4.009
MT,Montana,Broadwater,$3.894
MT,Montana,Carbon,$3.924
MT,Montana,Carter,$4.049
MT,Montana,Cascade,$3.915
MT,Montana,Chouteau,$4.002
MT,Montana,Custer,$3.699
MT,Montana,Daniels,$4.132
MT,Montana,Dawson,$3.692
MT,Montana,Deer Lodge,$3.867
MT,Montana,Fallon,$3.789
MT,Montana,Fergus,$3.963
MT,Montana,Flathead,$4.026
MT,Montana,Gallatin,$3.962
MT,Montana,Garfield,$3.799
MT,Montana,Glacier,$4.019
MT,Montana,Golden Valley,$4.049
MT,Montana,Granite,$4.079
MT,Montana,Hill,$4.000
MT,Montana,Jefferson,$4.001
MT,Montana,Judith Basin,$3.959
MT,Montana,Lake,$4.001
MT,Montana,Lewis and Clark,$3.935
MT,Montana,Liberty,$4.079
MT,Montana,Lincoln,$4.112
MT,Montana,Madison,$3.891
MT,Montana,McCone,$3.727
MT,Montana,Meagher,$3.929
MT,Montana,Mineral,$4.098
MT,Montana,Missoula,$4.018
MT,Montana,Musselshell,$3.999
MT,Montana,Park,$4.131
MT,Montana,Petroleum,$3.799
MT,Montana,Phillips,$3.999
MT,Montana,Pondera,$4.007
MT,Montana,Powder River,$3.999
MT,Montana,Powell,$4.019
MT,Montana,Prairie,$3.714
MT,Montana,Ravalli,$3.986
MT,Montana,Richland,$3.589
MT,Montana,Roosevelt,$3.905
MT,Montana,Rosebud,$3.855
MT,Montana,Sanders,$4.046
MT,Montana,Sheridan,$3.833
MT,Montana,Silver Bow,$3.862
MT,Montana,Stillwater,$3.922
MT,Montana,Sweet Grass,$3.892
MT,Montana,Teton,$3.959
MT,Montana,Toole,$4.001
MT,Montana,Treasure,$3.699
MT,Montana,Valley,$3.923
MT,Montana,Wheatland,$4.066
MT,Montana,Wibaux,$3.739
MT,Montana,Yellowstone,$3.899
WI,Wisconsin,Adams,$4.042
WI,Wisconsin,Ashland,$3.875
WI,Wisconsin,Barron,$3.872
WI,Wisconsin,Bayfield,$3.838
WI,Wisconsin,Brown,$3.967
WI,Wisconsin,Buffalo,$3.749
WI,Wisconsin,Burnett,$3.662
WI,Wisconsin,Calumet,$4.024
WI,Wisconsin,Chippewa,$3.868
WI,Wisconsin,Clark,$3.991
WI,Wisconsin,Columbia,$3.915
WI,Wisconsin,Crawford,$3.887
WI,Wisconsin,Dane,$3.968
WI,Wisconsin,Dodge,$4.020
WI,Wisconsin,Door,$3.934
WI,Wisconsin,Douglas,$3.772
WI,Wisconsin,Dunn,$3.814
WI,Wisconsin,Eau Claire,$3.886
WI,Wisconsin,Florence,$4.172
WI,Wisconsin,Fond du Lac,$3.959
WI,Wisconsin,Forest,$4.042
WI,Wisconsin,Grant,$3.918
WI,Wisconsin,Green,$3.978
WI,Wisconsin,Green Lake,$4.086
WI,Wisconsin,Iowa,$3.984
WI,Wisconsin,Iron,$4.025
WI,Wisconsin,Jackson,$3.856
WI,Wisconsin,Jefferson,$3.953
WI,Wisconsin,Juneau,$3.973
WI,Wisconsin,Kenosha,$3.933
WI,Wisconsin,Kewaunee,$3.976
WI,Wisconsin,La Crosse,$3.675
WI,Wisconsin,Lafayette,$3.902
WI,Wisconsin,Langlade,$4.052
WI,Wisconsin,Lincoln,$3.957
WI,Wisconsin,Manitowoc,$3.974
WI,Wisconsin,Marathon,$4.010
WI,Wisconsin,Marinette,$4.009
WI,Wisconsin,Marquette,$4.034
WI,Wisconsin,Menominee,$4.049
WI,Wisconsin,Milwaukee,$3.930
WI,Wisconsin,Monroe,$3.918
WI,Wisconsin,Oconto,$4.012
WI,Wisconsin,Oneida,$4.029
WI,Wisconsin,Outagamie,$3.930
WI,Wisconsin,Ozaukee,$4.010
WI,Wisconsin,Pepin,$3.767
WI,Wisconsin,Pierce,$3.722
WI,Wisconsin,Polk,$3.688
WI,Wisconsin,Portage,$4.033
WI,Wisconsin,Price,$4.014
WI,Wisconsin,Racine,$3.919
WI,Wisconsin,Richland,$3.903
WI,Wisconsin,Rock,$3.926
WI,Wisconsin,Rusk,$3.800
WI,Wisconsin,Sauk,$3.900
WI,Wisconsin,Sawyer,$3.804
WI,Wisconsin,Shawano,$3.967
WI,Wisconsin,Sheboygan,$3.902
WI,Wisconsin,Saint Croix,$3.842
WI,Wisconsin,Taylor,$4.014
WI,Wisconsin,Trempealeau,$3.780
WI,Wisconsin,Vernon,$3.757
WI,Wisconsin,Vilas,$4.083
WI,Wisconsin,Walworth,$3.994
WI,Wisconsin,Washburn,$3.716
WI,Wisconsin,Washington,$3.971
WI,Wisconsin,Waukesha,$3.911
WI,Wisconsin,Waupaca,$4.016
WI,Wisconsin,Waushara,$4.048
WI,Wisconsin,Winnebago,$4.021
WI,Wisconsin,Wood,$4.080
WY,Wyoming,Albany,$3.485
WY,Wyoming,Big Horn,$4.050
WY,Wyoming,Campbell,$3.521
WY,Wyoming,Carbon,$4.004
WY,Wyoming,Converse,$3.872
WY,Wyoming,Crook,$3.785
WY,Wyoming,Fremont,$4.026
WY,Wyoming,Goshen,$3.779
WY,Wyoming,Hot Springs,$3.992
WY,Wyoming,Johnson,$3.791
WY,Wyoming,Laramie,$3.454
WY,Wyoming,Lincoln,$4.230
WY,Wyoming,Natrona,$3.547
WY,Wyoming,Niobrara,$3.849
WY,Wyoming,Park,$4.241
WY,Wyoming,Platte,$4.047
WY,Wyoming,Sheridan,$3.643
WY,Wyoming,Sublette,$3.945
WY,Wyoming,Sweetwater,$3.894
WY,Wyoming,Teton,$4.588
WY,Wyoming,Uinta,$4.128
WY,Wyoming,Washakie,$3.959
WY,Wyoming,Weston,$3.790
PA,Pennsylvania,Adams,$3.825
PA,Pennsylvania,Allegheny,$3.888
PA,Pennsylvania,Armstrong,$3.933
PA,Pennsylvania,Beaver,$3.907
PA,Pennsylvania,Bedford,$3.882
PA,Pennsylvania,Berks,$3.756
PA,Pennsylvania,Blair,$3.797
PA,Pennsylvania,Bradford,$3.820
PA,Pennsylvania,Bucks,$3.638
PA,Pennsylvania,Butler,$3.905
PA,Pennsylvania,Cambria,$3.866
PA,Pennsylvania,Cameron,$3.939
PA,Pennsylvania,Carbon,$3.623
PA,Pennsylvania,Centre,$3.792
PA,Pennsylvania,Chester,$3.672
PA,Pennsylvania,Clarion,$3.939
PA,Pennsylvania,Clearfield,$3.802
PA,Pennsylvania,Clinton,$3.800
PA,Pennsylvania,Columbia,$3.768
PA,Pennsylvania,Crawford,$3.907
PA,Pennsylvania,Cumberland,$3.790
PA,Pennsylvania,Dauphin,$3.795
PA,Pennsylvania,Delaware,$3.665
PA,Pennsylvania,Elk,$3.931
PA,Pennsylvania,Erie,$3.867
PA,Pennsylvania,Fayette,$3.887
PA,Pennsylvania,Forest,$3.984
PA,Pennsylvania,Franklin,$3.766
PA,Pennsylvania,Fulton,$3.857
PA,Pennsylvania,Greene,$3.908
PA,Pennsylvania,Huntingdon,$3.838
PA,Pennsylvania,Indiana,$3.825
PA,Pennsylvania,Jefferson,$3.734
PA,Pennsylvania,Juniata,$3.852
PA,Pennsylvania,Lackawanna,$3.757
PA,Pennsylvania,Lancaster,$3.717
PA,Pennsylvania,Lawrence,$3.924
PA,Pennsylvania,Lebanon,$3.706
PA,Pennsylvania,Lehigh,$3.678
PA,Pennsylvania,Luzerne,$3.767
PA,Pennsylvania,Lycoming,$3.735
PA,Pennsylvania,McKean,$3.954
PA,Pennsylvania,Mercer,$3.946
PA,Pennsylvania,Mifflin,$3.842
PA,Pennsylvania,Monroe,$3.648
PA,Pennsylvania,Montgomery,$3.713
PA,Pennsylvania,Montour,$3.743
PA,Pennsylvania,Northampton,$3.641
PA,Pennsylvania,Northumberland,$3.730
PA,Pennsylvania,Perry,$3.806
PA,Pennsylvania,Philadelphia,$3.618
PA,Pennsylvania,Pike,$3.691
PA,Pennsylvania,Potter,$3.909
PA,Pennsylvania,Schuylkill,$3.782
PA,Pennsylvania,Snyder,$3.758
PA,Pennsylvania,Somerset,$3.890
PA,Pennsylvania,Sullivan,$3.834
PA,Pennsylvania,Susquehanna,$3.856
PA,Pennsylvania,Tioga,$3.821
PA,Pennsylvania,Union,$3.718
PA,Pennsylvania,Venango,$3.957
PA,Pennsylvania,Warren,$3.962
PA,Pennsylvania,Washington,$3.895
PA,Pennsylvania,Wayne,$3.608
PA,Pennsylvania,Westmoreland,$3.844
PA,Pennsylvania,Wyoming,$3.777
PA,Pennsylvania,York,$3.824
CO,Colorado,Adams,$3.582
CO,Colorado,Alamosa,$3.791
CO,Colorado,Arapahoe,$3.574
CO,Colorado,Archuleta,$4.083
CO,Colorado,Baca,$3.729
CO,Colorado,Bent,$3.702
CO,Colorado,Boulder,$3.707
CO,Colorado,Broomfield,$3.621
CO,Colorado,Chaffee,$3.947
CO,Colorado,Cheyenne,$3.766
CO,Colorado,Clear Creek,$3.952
CO,Colorado,Conejos,$3.904
CO,Colorado,Costilla,$3.859
CO,Colorado,Crowley,$3.729
CO,Colorado,Custer,$4.056
CO,Colorado,Delta,$3.771
CO,Colorado,Denver,$3.671
CO,Colorado,Dolores,$4.366
CO,Colorado,Douglas,$3.659
CO,Colorado,Eagle,$4.167
CO,Colorado,El Paso,$3.616
CO,Colorado,Elbert,$3.727
CO,Colorado,Fremont,$3.738
CO,Colorado,Garfield,$4.039
CO,Colorado,Gilpin,$4.149
CO,Colorado,Grand,$4.036
CO,Colorado,Gunnison,$4.010
CO,Colorado,Hinsdale,
CO,Colorado,Huerfano,$3.704
CO,Colorado,Jackson,$4.199
CO,Colorado,Jefferson,$3.641
CO,Colorado,Kiowa,$3.519
CO,Colorado,Kit Carson,$3.791
CO,Colorado,La Plata,$4.056
CO,Colorado,Lake,$3.850
CO,Colorado,Larimer,$3.729
CO,Colorado,Las Animas,$3.977
CO,Colorado,Lincoln,$3.847
CO,Colorado,Logan,$3.708
CO,Colorado,Mesa,$3.790
CO,Colorado,Mineral,$3.999
CO,Colorado,Moffat,$3.959
CO,Colorado,Montezuma,$4.074
CO,Colorado,Montrose,$3.854
CO,Colorado,Morgan,$3.866
CO,Colorado,Otero,$3.702
CO,Colorado,Ouray,$4.169
CO,Colorado,Park,$4.076
CO,Colorado,Phillips,$4.146
CO,Colorado,Pitkin,$4.997
CO,Colorado,Prowers,$3.577
CO,Colorado,Pueblo,$3.576
CO,Colorado,Rio Blanco,$4.120
CO,Colorado,Rio Grande,$3.895
CO,Colorado,Routt,$4.119
CO,Colorado,Saguache,$3.986
CO,Colorado,San Juan,$4.199
CO,Colorado,San Miguel,$4.479
CO,Colorado,Sedgwick,$3.686
CO,Colorado,Summit,$4.115
CO,Colorado,Teller,$3.866
CO,Colorado,Washington,$3.711
CO,Colorado,Weld,$3.581
CO,Colorado,Yuma,$3.707
ND,North Dakota,Adams,$3.699
ND,North Dakota,Barnes,$3.610
ND,North Dakota,Benson,$3.699
ND,North Dakota,Billings,$3.799
ND,North Dakota,Bottineau,$3.699
ND,North Dakota,Bowman,$3.791
ND,North Dakota,Burke,$3.649
ND,North Dakota,Burleigh,$3.828
ND,North Dakota,Cass,$3.598
ND,North Dakota,Cavalier,$3.599
ND,North Dakota,Dickey,$3.611
ND,North Dakota,Divide,$3.749
ND,North Dakota,Dunn,$3.733
ND,North Dakota,Eddy,$3.699
ND,North Dakota,Emmons,$3.732
ND,North Dakota,Foster,$3.664
ND,North Dakota,Golden Valley,$3.599
ND,North Dakota,Grand Forks,$3.611
ND,North Dakota,Grant,$4.239
ND,North Dakota,Griggs,$3.699
ND,North Dakota,Hettinger,$3.699
ND,North Dakota,Kidder,$3.572
ND,North Dakota,LaMoure,$3.699
ND,North Dakota,Logan,$3.624
ND,North Dakota,McHenry,$3.616
ND,North Dakota,McIntosh,$4.299
ND,North Dakota,McKenzie,$3.896
ND,North Dakota,McLean,$3.696
ND,North Dakota,Mercer,$3.681
ND,North Dakota,Morton,$3.789
ND,North Dakota,Mountrail,$3.630
ND,North Dakota,Nelson,$3.694
ND,North Dakota,Oliver,$3.799
ND,North Dakota,Pembina,$3.655
ND,North Dakota,Pierce,$3.624
ND,North Dakota,Ramsey,$3.719
ND,North Dakota,Ransom,$3.671
ND,North Dakota,Renville,$3.674
ND,North Dakota,Richland,$3.636
ND,North Dakota,Rolette,$3.631
ND,North Dakota,Sargent,$3.796
ND,North Dakota,Sheridan,$3.699
ND,North Dakota,Sioux,$3.666
ND,North Dakota,Slope,
ND,North Dakota,Stark,$3.861
ND,North Dakota,Steele,$3.786
ND,North Dakota,Stutsman,$3.654
ND,North Dakota,Towner,$3.559
ND,North Dakota,Traill,$3.648
ND,North Dakota,Walsh,$3.612
ND,North Dakota,Ward,$3.634
ND,North Dakota,Wells,$3.699
ND,North Dakota,Williams,$3.772
SD,South Dakota,Aurora,$3.899
SD,South Dakota,Beadle,$3.616
SD,South Dakota,Bennett,$3.699
SD,South Dakota,Bon Homme,$3.509
SD,South Dakota,Brookings,$3.520
SD,South Dakota,Brown,$3.591
SD,South Dakota,Brule,$3.554
SD,South Dakota,Buffalo,
SD,South Dakota,Butte,$3.752
SD,South Dakota,Campbell,$3.539
SD,South Dakota,Charles Mix,$3.692
SD,South Dakota,Clark,$3.776
SD,South Dakota,Clay,$3.543
SD,South Dakota,Codington,$3.760
SD,South Dakota,Corson,
SD,South Dakota,Custer,$3.662
SD,South Dakota,Davison,$3.534
SD,South Dakota,Day,$3.673
SD,South Dakota,Deuel,$3.826
SD,South Dakota,Dewey,$3.899
SD,South Dakota,Douglas,$3.732
SD,South Dakota,Edmunds,$3.691
SD,South Dakota,Fall River,$3.682
SD,South Dakota,Faulk,$4.059
SD,South Dakota,Grant,$3.594
SD,South Dakota,Gregory,$3.719
SD,South Dakota,Haakon,$3.904
SD,South Dakota,Hamlin,$3.689
SD,South Dakota,Hand,$4.016
SD,South Dakota,Hanson,$3.549
SD,South Dakota,Harding,$3.799
SD,South Dakota,Hughes,$3.964
SD,South Dakota,Hutchinson,$3.574
SD,South Dakota,Hyde,$3.979
SD,South Dakota,Jackson,$3.682
SD,South Dakota,Jerauld,$3.879
SD,South Dakota,Jones,$3.599
SD,South Dakota,Kingsbury,$3.612
SD,South Dakota,Lake,$3.479
SD,South Dakota,Lawrence,$3.770
SD,South Dakota,Lincoln,$3.699
SD,South Dakota,Lyman,$4.125
SD,South Dakota,Marshall,$3.399
SD,South Dakota,McCook,$3.419
SD,South Dakota,McPherson,$3.874
SD,South Dakota,Meade,$3.760
SD,South Dakota,Mellette,$4.044
SD,South Dakota,Miner,$3.699
SD,South Dakota,Minnehaha,$3.632
SD,South Dakota,Moody,$3.603
SD,South Dakota,Pennington,$3.678
SD,South Dakota,Perkins,$3.846
SD,South Dakota,Potter,$3.899
SD,South Dakota,Roberts,$3.861
SD,South Dakota,Sanborn,$3.932
SD,South Dakota,Shannon,$3.744
SD,South Dakota,Spink,$3.628
SD,South Dakota,Stanley,$3.924
SD,South Dakota,Sully,
SD,South Dakota,Todd,$3.799
SD,South Dakota,Tripp,$3.696
SD,South Dakota,Turner,$3.747
SD,South Dakota,Union,$3.655
SD,South Dakota,Walworth,$3.786
SD,South Dakota,Yankton,$3.652
SD,South Dakota,Ziebach,$4.049
OH,Ohio,Adams,$3.749
OH,Ohio,Allen,$3.679
OH,Ohio,Ashland,$3.734
OH,Ohio,Ashtabula,$3.641
OH,Ohio,Athens,$3.666
OH,Ohio,Auglaize,$3.691
OH,Ohio,Belmont,$3.650
OH,Ohio,Brown,$3.678
OH,Ohio,Butler,$3.682
OH,Ohio,Carroll,$3.700
OH,Ohio,Champaign,$3.714
OH,Ohio,Clark,$3.639
OH,Ohio,Clermont,$3.689
OH,Ohio,Clinton,$3.657
OH,Ohio,Columbiana,$3.629
OH,Ohio,Coshocton,$3.664
OH,Ohio,Crawford,$3.662
OH,Ohio,Cuyahoga,$3.728
OH,Ohio,Darke,$3.679
OH,Ohio,Defiance,$3.744
OH,Ohio,Delaware,$3.625
OH,Ohio,Erie,$3.728
OH,Ohio,Fairfield,$3.695
OH,Ohio,Fayette,$3.689
OH,Ohio,Franklin,$3.679
OH,Ohio,Fulton,$3.754
OH,Ohio,Gallia,$3.645
OH,Ohio,Geauga,$3.723
OH,Ohio,Greene,$3.659
OH,Ohio,Guernsey,$3.700
OH,Ohio,Hamilton,$3.704
OH,Ohio,Hancock,$3.686
OH,Ohio,Hardin,$3.679
OH,Ohio,Harrison,$3.696
OH,Ohio,Henry,$3.741
OH,Ohio,Highland,$3.702
OH,Ohio,Hocking,$3.683
OH,Ohio,Holmes,$3.693
OH,Ohio,Huron,$3.749
OH,Ohio,Jackson,$3.673
OH,Ohio,Jefferson,$3.633
OH,Ohio,Knox,$3.716
OH,Ohio,Lake,$3.677
OH,Ohio,Lawrence,$3.657
OH,Ohio,Licking,$3.683
OH,Ohio,Logan,$3.703
OH,Ohio,Lorain,$3.626
OH,Ohio,Lucas,$3.763
OH,Ohio,Madison,$3.759
OH,Ohio,Mahoning,$3.609
OH,Ohio,Marion,$3.684
OH,Ohio,Medina,$3.673
OH,Ohio,Meigs,$3.515
OH,Ohio,Mercer,$3.799
OH,Ohio,Miami,$3.671
OH,Ohio,Monroe,$3.609
OH,Ohio,Montgomery,$3.641
OH,Ohio,Morgan,$3.731
OH,Ohio,Morrow,$3.695
OH,Ohio,Muskingum,$3.726
OH,Ohio,Noble,$3.827
OH,Ohio,Ottawa,$3.732
OH,Ohio,Paulding,$3.750
OH,Ohio,Perry,$3.698
OH,Ohio,Pickaway,$3.675
OH,Ohio,Pike,$3.697
OH,Ohio,Portage,$3.644
OH,Ohio,Preble,$3.824
OH,Ohio,Putnam,$3.728
OH,Ohio,Richland,$3.698
OH,Ohio,Ross,$3.696
OH,Ohio,Sandusky,$3.717
OH,Ohio,Scioto,$3.588
OH,Ohio,Seneca,$3.730
OH,Ohio,Shelby,$3.680
OH,Ohio,Stark,$3.639
OH,Ohio,Summit,$3.648
OH,Ohio,Trumbull,$3.610
OH,Ohio,Tuscarawas,$3.669
OH,Ohio,Union,$3.677
OH,Ohio,Van Wert,$3.743
OH,Ohio,Vinton,$3.685
OH,Ohio,Warren,$3.670
OH,Ohio,Washington,$3.688
OH,Ohio,Wayne,$3.685
OH,Ohio,Williams,$3.773
OH,Ohio,Wood,$3.745
OH,Ohio,Wyandot,$3.702
MN,Minnesota,Aitkin,$3.595
MN,Minnesota,Anoka,$3.655
MN,Minnesota,Becker,$3.715
MN,Minnesota,Beltrami,$3.706
MN,Minnesota,Benton,$3.619
MN,Minnesota,Big Stone,$3.599
MN,Minnesota,Blue Earth,$3.555
MN,Minnesota,Brown,$3.652
MN,Minnesota,Carlton,$3.691
MN,Minnesota,Carver,$3.719
MN,Minnesota,Cass,$3.604
MN,Minnesota,Chippewa,$3.718
MN,Minnesota,Chisago,$3.687
MN,Minnesota,Clay,$3.693
MN,Minnesota,Clearwater,$3.583
MN,Minnesota,Cook,$3.741
MN,Minnesota,Cottonwood,$3.599
MN,Minnesota,Crow Wing,$3.644
MN,Minnesota,Dakota,$3.673
MN,Minnesota,Dodge,$3.738
MN,Minnesota,Douglas,$3.545
MN,Minnesota,Faribault,$3.693
MN,Minnesota,Fillmore,$3.591
MN,Minnesota,Freeborn,$3.611
MN,Minnesota,Goodhue,$3.708
MN,Minnesota,Grant,$3.638
MN,Minnesota,Hennepin,$3.729
MN,Minnesota,Houston,$3.658
MN,Minnesota,Hubbard,$3.622
MN,Minnesota,Isanti,$3.675
MN,Minnesota,Itasca,$3.642
MN,Minnesota,Jackson,$3.580
MN,Minnesota,Kanabec,$3.709
MN,Minnesota,Kandiyohi,$3.728
MN,Minnesota,Kittson,$3.599
MN,Minnesota,Koochiching,$3.901
MN,Minnesota,Lac Qui Parle,$3.605
MN,Minnesota,Lake,$3.759
MN,Minnesota,Lake of the Woods,$3.699
MN,Minnesota,Le Sueur,$3.688
MN,Minnesota,Lincoln,$3.629
MN,Minnesota,Lyon,$3.642
MN,Minnesota,Mahnomen,$3.743
MN,Minnesota,Marshall,$3.574
MN,Minnesota,Martin,$3.704
MN,Minnesota,McLeod,$3.688
MN,Minnesota,Meeker,$3.703
MN,Minnesota,Mille Lacs,$3.689
MN,Minnesota,Morrison,$3.605
MN,Minnesota,Mower,$3.677
MN,Minnesota,Murray,$3.574
MN,Minnesota,Nicollet,$3.528
MN,Minnesota,Nobles,$3.516
MN,Minnesota,Norman,$3.657
MN,Minnesota,Olmsted,$3.715
MN,Minnesota,Otter Tail,$3.634
MN,Minnesota,Pennington,$3.505
MN,Minnesota,Pine,$3.723
MN,Minnesota,Pipestone,$3.492
MN,Minnesota,Polk,$3.600
MN,Minnesota,Pope,$3.618
MN,Minnesota,Ramsey,$3.714
MN,Minnesota,Red Lake,$3.549
MN,Minnesota,Redwood,$3.674
MN,Minnesota,Renville,$3.707
MN,Minnesota,Rice,$3.679
MN,Minnesota,Rock,$3.599
MN,Minnesota,Roseau,$3.682
MN,Minnesota,Scott,$3.718
MN,Minnesota,Sherburne,$3.687
MN,Minnesota,Sibley,$3.650
MN,Minnesota,Saint Louis,$3.715
MN,Minnesota,Stearns,$3.595
MN,Minnesota,Steele,$3.716
MN,Minnesota,Stevens,$3.642
MN,Minnesota,Swift,$3.667
MN,Minnesota,Todd,$3.645
MN,Minnesota,Traverse,$3.666
MN,Minnesota,Wabasha,$3.630
MN,Minnesota,Wadena,$3.604
MN,Minnesota,Waseca,$3.598
MN,Minnesota,Washington,$3.680
MN,Minnesota,Watonwan,$3.525
MN,Minnesota,Wilkin,$3.633
MN,Minnesota,Winona,$3.466
MN,Minnesota,Wright,$3.647
MN,Minnesota,Yellow Medicine,$3.610
VT,Vermont,Addison,$3.678
VT,Vermont,Bennington,$3.636
VT,Vermont,Caledonia,$3.607
VT,Vermont,Chittenden,$3.703
VT,Vermont,Essex,$3.939
VT,Vermont,Franklin,$3.671
VT,Vermont,Grand Isle,$3.707
VT,Vermont,Lamoille,$3.720
VT,Vermont,Orange,$3.689
VT,Vermont,Orleans,$3.707
VT,Vermont,Rutland,$3.674
VT,Vermont,Washington,$3.724
VT,Vermont,Windham,$3.512
VT,Vermont,Windsor,$3.609
NM,New Mexico,Bernalillo,$3.595
NM,New Mexico,Catron,$4.171
NM,New Mexico,Chaves,$3.507
NM,New Mexico,Cibola,$3.794
NM,New Mexico,Colfax,$3.865
NM,New Mexico,Curry,$3.572
NM,New Mexico,De Baca,$3.559
NM,New Mexico,Dona Ana,$3.529
NM,New Mexico,Eddy,$3.409
NM,New Mexico,Grant,$3.934
NM,New Mexico,Guadalupe,$3.836
NM,New Mexico,Harding,$4.709
NM,New Mexico,Hidalgo,$3.613
NM,New Mexico,Lea,$3.421
NM,New Mexico,Lincoln,$3.498
NM,New Mexico,Los Alamos,$3.774
NM,New Mexico,Luna,$3.680
NM,New Mexico,McKinley,$3.682
NM,New Mexico,Mora,$3.724
NM,New Mexico,Otero,$3.315
NM,New Mexico,Quay,$3.689
NM,New Mexico,Rio Arriba,$3.717
NM,New Mexico,Roosevelt,$3.696
NM,New Mexico,San Juan,$3.966
NM,New Mexico,San Miguel,$3.733
NM,New Mexico,Sandoval,$3.624
NM,New Mexico,Santa Fe,$3.688
NM,New Mexico,Sierra,$3.896
NM,New Mexico,Socorro,$3.809
NM,New Mexico,Taos,$3.795
NM,New Mexico,Torrance,$3.642
NM,New Mexico,Union,$3.659
NM,New Mexico,Valencia,$3.604
NY,New York,Albany,$3.681
NY,New York,Allegany,$3.801
NY,New York,Bronx,$3.655
NY,New York,Broome,$3.672
NY,New York,Cattaraugus,$3.803
NY,New York,Cayuga,$3.633
NY,New York,Chautauqua,$3.821
NY,New York,Chemung,$3.509
NY,New York,Chenango,$3.730
NY,New York,Clinton,$3.744
NY,New York,Columbia,$3.660
NY,New York,Cortland,$3.336
NY,New York,Delaware,$3.902
NY,New York,Dutchess,$3.757
NY,New York,Erie,$3.779
NY,New York,Essex,$3.864
NY,New York,Franklin,$3.544
NY,New York,Fulton,$3.706
NY,New York,Genesee,$3.810
NY,New York,Greene,$3.668
NY,New York,Hamilton,$3.962
NY,New York,Herkimer,$3.813
NY,New York,Jefferson,$3.778
NY,New York,Kings,$3.511
NY,New York,Lewis,$3.842
NY,New York,Livingston,$3.774
NY,New York,Madison,$3.779
NY,New York,Monroe,$3.703
NY,New York,Montgomery,$3.743
NY,New York,Nassau,$3.320
NY,New York,New York,$3.992
NY,New York,Niagara,$3.578
NY,New York,Oneida,$3.778
NY,New York,Onondaga,$3.636
NY,New York,Ontario,$3.796
NY,New York,Orange,$3.643
NY,New York,Orleans,$3.708
NY,New York,Oswego,$3.737
NY,New York,Otsego,$3.859
NY,New York,Putnam,$3.706
NY,New York,Queens,$3.566
NY,New York,Rensselaer,$3.692
NY,New York,Richmond,$3.534
NY,New York,Rockland,$3.679
NY,New York,Saratoga,$3.647
NY,New York,Schenectady,$3.585
NY,New York,Schoharie,$3.789
NY,New York,Schuyler,$3.681
NY,New York,Seneca,$3.678
NY,New York,Saint Lawrence,$3.848
NY,New York,Steuben,$3.742
NY,New York,Suffolk,$3.313
NY,New York,Sullivan,$3.772
NY,New York,Tioga,$3.650
NY,New York,Tompkins,$3.767
NY,New York,Ulster,$3.580
NY,New York,Warren,$3.739
NY,New York,Washington,$3.717
NY,New York,Wayne,$3.852
NY,New York,Westchester,$3.721
NY,New York,Wyoming,$3.841
NY,New York,Yates,$3.801
NE,Nebraska,Adams,$3.519
NE,Nebraska,Antelope,$3.667
NE,Nebraska,Arthur,
NE,Nebraska,Banner,
NE,Nebraska,Blaine,$3.999
NE,Nebraska,Boone,$3.469
NE,Nebraska,Box Butte,$3.485
NE,Nebraska,Boyd,$3.449
NE,Nebraska,Brown,$3.722
NE,Nebraska,Buffalo,$3.648
NE,Nebraska,Burt,$3.599
NE,Nebraska,Butler,$3.506
NE,Nebraska,Cass,$3.544
NE,Nebraska,Cedar,$3.557
NE,Nebraska,Chase,$3.726
NE,Nebraska,Cherry,$3.839
NE,Nebraska,Cheyenne,$3.644
NE,Nebraska,Clay,$3.514
NE,Nebraska,Colfax,$3.499
NE,Nebraska,Cuming,$3.697
NE,Nebraska,Custer,$3.843
NE,Nebraska,Dakota,$3.696
NE,Nebraska,Dawes,$3.587
NE,Nebraska,Dawson,$3.553
NE,Nebraska,Deuel,$3.529
NE,Nebraska,Dixon,$3.672
NE,Nebraska,Dodge,$3.590
NE,Nebraska,Douglas,$3.580
NE,Nebraska,Dundy,$3.944
NE,Nebraska,Fillmore,$3.346
NE,Nebraska,Franklin,$3.492
NE,Nebraska,Frontier,$3.449
NE,Nebraska,Furnas,$3.515
NE,Nebraska,Gage,$3.518
NE,Nebraska,Garden,
NE,Nebraska,Garfield,$3.399
NE,Nebraska,Gosper,
NE,Nebraska,Grant,$3.729
NE,Nebraska,Greeley,$4.099
NE,Nebraska,Hall,$3.581
NE,Nebraska,Hamilton,$3.676
NE,Nebraska,Harlan,$3.799
NE,Nebraska,Hayes,
NE,Nebraska,Hitchcock,$3.839
NE,Nebraska,Holt,$3.627
NE,Nebraska,Hooker,$3.699
NE,Nebraska,Howard,$3.586
NE,Nebraska,Jefferson,$3.566
NE,Nebraska,Johnson,$3.699
NE,Nebraska,Kearney,$3.599
NE,Nebraska,Keith,$3.541
NE,Nebraska,Keya Paha,
NE,Nebraska,Kimball,$3.686
NE,Nebraska,Knox,$3.675
NE,Nebraska,Lancaster,$3.592
NE,Nebraska,Lincoln,$3.747
NE,Nebraska,Logan,$3.499
NE,Nebraska,Loup,$4.159
NE,Nebraska,Madison,$3.629
NE,Nebraska,McPherson,
NE,Nebraska,Merrick,$3.668
NE,Nebraska,Morrill,$4.066
NE,Nebraska,Nance,$3.599
NE,Nebraska,Nemaha,$3.549
NE,Nebraska,Nuckolls,$3.549
NE,Nebraska,Otoe,$3.562
NE,Nebraska,Pawnee,$3.519
NE,Nebraska,Perkins,$3.779
NE,Nebraska,Phelps,$3.749
NE,Nebraska,Pierce,$3.555
NE,Nebraska,Platte,$3.710
NE,Nebraska,Polk,$3.454
NE,Nebraska,Red Willow,$3.617
NE,Nebraska,Richardson,$3.595
NE,Nebraska,Rock,$3.649
NE,Nebraska,Saline,$3.689
NE,Nebraska,Sarpy,$3.565
NE,Nebraska,Saunders,$3.695
NE,Nebraska,Scotts Bluff,$3.788
NE,Nebraska,Seward,$3.670
NE,Nebraska,Sheridan,$3.549
NE,Nebraska,Sherman,$4.149
NE,Nebraska,Sioux,
NE,Nebraska,Stanton,$4.059
NE,Nebraska,Thayer,$3.539
NE,Nebraska,Thomas,$4.299
NE,Nebraska,Thurston,$3.889
NE,Nebraska,Valley,$3.479
NE,Nebraska,Washington,$3.424
NE,Nebraska,Wayne,$3.574
NE,Nebraska,Webster,$3.581
NE,Nebraska,Wheeler,
NE,Nebraska,York,$3.534
IA,Iowa,Adair,$3.649
IA,Iowa,Adams,$3.499
IA,Iowa,Allamakee,$3.928
IA,Iowa,Appanoose,$3.448
IA,Iowa,Audubon,$3.499
IA,Iowa,Benton,$3.546
IA,Iowa,Black Hawk,$3.604
IA,Iowa,Boone,$3.688
IA,Iowa,Bremer,$3.699
IA,Iowa,Buchanan,$3.570
IA,Iowa,Buena Vista,$3.525
IA,Iowa,Butler,$3.693
IA,Iowa,Calhoun,$3.599
IA,Iowa,Carroll,$3.532
IA,Iowa,Cass,$3.553
IA,Iowa,Cedar,$3.684
IA,Iowa,Cerro Gordo,$3.683
IA,Iowa,Cherokee,$3.599
IA,Iowa,Chickasaw,$3.782
IA,Iowa,Clarke,$3.539
IA,Iowa,Clay,$3.632
IA,Iowa,Clayton,$3.718
IA,Iowa,Clinton,$3.674
IA,Iowa,Crawford,$3.506
IA,Iowa,Dallas,$3.606
IA,Iowa,Davis,$3.459
IA,Iowa,Decatur,$3.666
IA,Iowa,Delaware,$3.622
IA,Iowa,Des Moines,$3.637
IA,Iowa,Dickinson,$3.537
IA,Iowa,Dubuque,$3.766
IA,Iowa,Emmet,$3.637
IA,Iowa,Fayette,$3.638
IA,Iowa,Floyd,$3.730
IA,Iowa,Franklin,$3.666
IA,Iowa,Fremont,$3.439
IA,Iowa,Greene,$3.499
IA,Iowa,Grundy,$3.640
IA,Iowa,Guthrie,$3.602
IA,Iowa,Hamilton,$3.631
IA,Iowa,Hancock,$3.692
IA,Iowa,Hardin,$3.694
IA,Iowa,Harrison,$3.527
IA,Iowa,Henry,$3.536
IA,Iowa,Howard,$3.656
IA,Iowa,Humboldt,$3.666
IA,Iowa,Ida,$3.542
IA,Iowa,Iowa,$3.681
IA,Iowa,Jackson,$3.657
IA,Iowa,Jasper,$3.514
IA,Iowa,Jefferson,$3.524
IA,Iowa,Johnson,$3.681
IA,Iowa,Jones,$3.599
IA,Iowa,Keokuk,$3.502
IA,Iowa,Kossuth,$3.640
IA,Iowa,Lee,$3.672
IA,Iowa,Linn,$3.629
IA,Iowa,Louisa,$3.759
IA,Iowa,Lucas,$3.599
IA,Iowa,Lyon,$3.543
IA,Iowa,Madison,$3.634
IA,Iowa,Mahaska,$3.513
IA,Iowa,Marion,$3.477
IA,Iowa,Marshall,$3.692
IA,Iowa,Mills,$3.531
IA,Iowa,Mitchell,$3.740
IA,Iowa,Monona,$3.519
IA,Iowa,Monroe,$3.463
IA,Iowa,Montgomery,$3.505
IA,Iowa,Muscatine,$3.619
IA,Iowa,O'Brien,
IA,Iowa,Osceola,$3.533
IA,Iowa,Page,$3.490
IA,Iowa,Palo Alto,$3.577
IA,Iowa,Plymouth,$3.644
IA,Iowa,Pocahontas,$3.572
IA,Iowa,Polk,$3.515
IA,Iowa,Pottawattamie,$3.463
IA,Iowa,Poweshiek,$3.601
IA,Iowa,Ringgold,$3.589
IA,Iowa,Sac,$3.556
IA,Iowa,Scott,$3.572
IA,Iowa,Shelby,$3.563
IA,Iowa,Sioux,$3.571
IA,Iowa,Story,$3.653
IA,Iowa,Tama,$3.669
IA,Iowa,Taylor,$3.589
IA,Iowa,Union,$3.599
IA,Iowa,Van Buren,$3.559
IA,Iowa,Wapello,$3.487
IA,Iowa,Warren,$3.639
IA,Iowa,Washington,$3.693
IA,Iowa,Wayne,$3.474
IA,Iowa,Webster,$3.616
IA,Iowa,Winnebago,$3.658
IA,Iowa,Winneshiek,$3.868
IA,Iowa,Woodbury,$3.588
IA,Iowa,Worth,$3.656
IA,Iowa,Wright,$3.661
ME,Maine,Androscoggin,$3.541
ME,Maine,Aroostook,$3.624
ME,Maine,Cumberland,$3.546
ME,Maine,Franklin,$3.588
ME,Maine,Hancock,$3.670
ME,Maine,Kennebec,$3.471
ME,Maine,Knox,$3.630
ME,Maine,Lincoln,$3.544
ME,Maine,Oxford,$3.469
ME,Maine,Penobscot,$3.599
ME,Maine,Piscataquis,$3.594
ME,Maine,Sagadahoc,$3.618
ME,Maine,Somerset,$3.452
ME,Maine,Waldo,$3.543
ME,Maine,Washington,$3.578
ME,Maine,York,$3.426
MA,Massachusetts,Barnstable,$3.760
MA,Massachusetts,Berkshire,$3.489
MA,Massachusetts,Bristol,$3.353
MA,Massachusetts,Dukes,$4.585
MA,Massachusetts,Essex,$3.484
MA,Massachusetts,Franklin,$3.367
MA,Massachusetts,Hampden,$3.342
MA,Massachusetts,Hampshire,$3.416
MA,Massachusetts,Middlesex,$3.604
MA,Massachusetts,Nantucket,$4.822
MA,Massachusetts,Norfolk,$3.609
MA,Massachusetts,Plymouth,$3.432
MA,Massachusetts,Suffolk,$3.734
MA,Massachusetts,Worcester,$3.472
OK,Oklahoma,Adair,$3.479
OK,Oklahoma,Alfalfa,$3.449
OK,Oklahoma,Atoka,$3.560
OK,Oklahoma,Beaver,$3.635
OK,Oklahoma,Beckham,$3.556
OK,Oklahoma,Blaine,$3.482
OK,Oklahoma,Bryan,$3.333
OK,Oklahoma,Caddo,$3.505
OK,Oklahoma,Canadian,$3.444
OK,Oklahoma,Carter,$3.556
OK,Oklahoma,Cherokee,$3.696
OK,Oklahoma,Choctaw,$3.459
OK,Oklahoma,Cimarron,$3.559
OK,Oklahoma,Cleveland,$3.405
OK,Oklahoma,Coal,$4.061
OK,Oklahoma,Comanche,$3.258
OK,Oklahoma,Cotton,$3.219
OK,Oklahoma,Craig,$3.349
OK,Oklahoma,Creek,$3.478
OK,Oklahoma,Custer,$3.484
OK,Oklahoma,Delaware,$3.521
OK,Oklahoma,Dewey,$3.556
OK,Oklahoma,Ellis,$3.892
OK,Oklahoma,Garfield,$3.404
OK,Oklahoma,Garvin,$3.481
OK,Oklahoma,Grady,$3.588
OK,Oklahoma,Grant,$3.492
OK,Oklahoma,Greer,$3.649
OK,Oklahoma,Harmon,$3.704
OK,Oklahoma,Harper,$3.525
OK,Oklahoma,Haskell,$3.539
OK,Oklahoma,Hughes,$3.874
OK,Oklahoma,Jackson,$3.362
OK,Oklahoma,Jefferson,$3.666
OK,Oklahoma,Johnston,$3.506
OK,Oklahoma,Kay,$3.541
OK,Oklahoma,Kingfisher,$3.661
OK,Oklahoma,Kiowa,$3.675
OK,Oklahoma,Latimer,$3.397
OK,Oklahoma,Le Flore,$3.418
OK,Oklahoma,Lincoln,$3.657
OK,Oklahoma,Logan,$3.729
OK,Oklahoma,Love,$3.319
OK,Oklahoma,Major,$3.487
OK,Oklahoma,Marshall,$3.614
OK,Oklahoma,Mayes,$3.500
OK,Oklahoma,McClain,$3.622
OK,Oklahoma,McCurtain,$3.526
OK,Oklahoma,McIntosh,$3.496
OK,Oklahoma,Murray,$3.568
OK,Oklahoma,Muskogee,$3.403
OK,Oklahoma,Noble,$3.590
OK,Oklahoma,Nowata,$3.345
OK,Oklahoma,Okfuskee,$3.513
OK,Oklahoma,Oklahoma,$3.392
OK,Oklahoma,Okmulgee,$3.311
OK,Oklahoma,Osage,$3.508
OK,Oklahoma,Ottawa,$3.433
OK,Oklahoma,Pawnee,$3.399
OK,Oklahoma,Payne,$3.478
OK,Oklahoma,Pittsburg,$3.446
OK,Oklahoma,Pontotoc,$3.584
OK,Oklahoma,Pottawatomie,$3.461
OK,Oklahoma,Pushmataha,$3.492
OK,Oklahoma,Roger Mills,$3.622
OK,Oklahoma,Rogers,$3.457
OK,Oklahoma,Seminole,$3.413
OK,Oklahoma,Sequoyah,$3.441
OK,Oklahoma,Stephens,$3.430
OK,Oklahoma,Texas,$3.429
OK,Oklahoma,Tillman,$3.419
OK,Oklahoma,Tulsa,$3.417
OK,Oklahoma,Wagoner,$3.401
OK,Oklahoma,Washington,$3.463
OK,Oklahoma,Washita,$3.619
OK,Oklahoma,Woods,$3.752
OK,Oklahoma,Woodward,$3.620
WV,West Virginia,Barbour,$3.249
WV,West Virginia,Berkeley,$3.495
WV,West Virginia,Boone,$3.476
WV,West Virginia,Braxton,$3.657
WV,West Virginia,Brooke,$3.377
WV,West Virginia,Cabell,$3.263
WV,West Virginia,Calhoun,$3.579
WV,West Virginia,Clay,$3.493
WV,West Virginia,Doddridge,$3.666
WV,West Virginia,Fayette,$3.551
WV,West Virginia,Gilmer,$3.699
WV,West Virginia,Grant,$3.404
WV,West Virginia,Greenbrier,$3.207
WV,West Virginia,Hampshire,$3.428
WV,West Virginia,Hancock,$3.312
WV,West Virginia,Hardy,$3.423
WV,West Virginia,Harrison,$3.453
WV,West Virginia,Jackson,$3.635
WV,West Virginia,Jefferson,$3.579
WV,West Virginia,Kanawha,$3.402
WV,West Virginia,Lewis,$3.418
WV,West Virginia,Lincoln,$3.435
WV,West Virginia,Logan,$3.643
WV,West Virginia,Marion,$3.403
WV,West Virginia,Marshall,$3.409
WV,West Virginia,Mason,$3.459
WV,West Virginia,McDowell,$3.585
WV,West Virginia,Mercer,$3.408
WV,West Virginia,Mineral,$3.515
WV,West Virginia,Mingo,$3.648
WV,West Virginia,Monongalia,$3.329
WV,West Virginia,Monroe,$3.829
WV,West Virginia,Morgan,$3.615
WV,West Virginia,Nicholas,$3.581
WV,West Virginia,Ohio,$3.433
WV,West Virginia,Pendleton,$3.599
WV,West Virginia,Pleasants,$3.572
WV,West Virginia,Pocahontas,$3.585
WV,West Virginia,Preston,$3.494
WV,West Virginia,Putnam,$3.383
WV,West Virginia,Raleigh,$3.594
WV,West Virginia,Randolph,$3.288
WV,West Virginia,Ritchie,$3.732
WV,West Virginia,Roane,$3.579
WV,West Virginia,Summers,$3.603
WV,West Virginia,Taylor,$3.439
WV,West Virginia,Tucker,$3.559
WV,West Virginia,Tyler,$3.424
WV,West Virginia,Upshur,$3.384
WV,West Virginia,Wayne,$3.349
WV,West Virginia,Webster,$3.739
WV,West Virginia,Wetzel,$3.394
WV,West Virginia,Wirt,$3.399
WV,West Virginia,Wood,$3.455
WV,West Virginia,Wyoming,$3.681
MD,Maryland,Allegany,$3.650
MD,Maryland,Anne Arundel,$3.395
MD,Maryland,Baltimore City,$3.439
MD,Maryland,Baltimore,$3.408
MD,Maryland,Calvert,$3.379
MD,Maryland,Cecil,$3.389
MD,Maryland,Charles,$3.372
MD,Maryland,Carroll,$3.373
MD,Maryland,Caroline,$3.377
MD,Maryland,Dorchester,$3.400
MD,Maryland,Frederick,$3.445
MD,Maryland,Garrett,$3.690
MD,Maryland,Harford,$3.402
MD,Maryland,Howard,$3.484
MD,Maryland,Kent,$3.378
MD,Maryland,Montgomery,$3.560
MD,Maryland,Prince Georges,$3.458
MD,Maryland,Queen Annes,$3.377
MD,Maryland,Saint Marys,$3.361
MD,Maryland,Somerset,$3.449
MD,Maryland,Talbot,$3.395
MD,Maryland,Washington,$3.477
MD,Maryland,Wicomico,$3.401
MD,Maryland,Worcester,$3.402
NJ,New Jersey,Atlantic,$3.467
NJ,New Jersey,Bergen,$3.362
NJ,New Jersey,Burlington,$3.373
NJ,New Jersey,Camden,$3.466
NJ,New Jersey,Cape May,$3.579
NJ,New Jersey,Cumberland,$3.537
NJ,New Jersey,Essex,$3.538
NJ,New Jersey,Gloucester,$3.451
NJ,New Jersey,Hudson,$3.414
NJ,New Jersey,Hunterdon,$3.499
NJ,New Jersey,Mercer,$3.507
NJ,New Jersey,Middlesex,$3.425
NJ,New Jersey,Monmouth,$3.477
NJ,New Jersey,Morris,$3.454
NJ,New Jersey,Ocean,$3.440
NJ,New Jersey,Passaic,$3.421
NJ,New Jersey,Salem,$3.485
NJ,New Jersey,Somerset,$3.582
NJ,New Jersey,Sussex,$3.375
NJ,New Jersey,Union,$3.448
NJ,New Jersey,Warren,$3.293
NH,New Hampshire,Belknap,$3.452
NH,New Hampshire,Carroll,$3.514
NH,New Hampshire,Cheshire,$3.402
NH,New Hampshire,Coos,$3.486
NH,New Hampshire,Grafton,$3.533
NH,New Hampshire,Hillsborough,$3.400
NH,New Hampshire,Merrimack,$3.355
NH,New Hampshire,Rockingham,$3.385
NH,New Hampshire,Strafford,$3.407
NH,New Hampshire,Sullivan,$3.333
KS,Kansas,Allen,$3.492
KS,Kansas,Anderson,$3.463
KS,Kansas,Atchison,$3.431
KS,Kansas,Barber,$3.519
KS,Kansas,Barton,$3.428
KS,Kansas,Bourbon,$3.499
KS,Kansas,Brown,$3.326
KS,Kansas,Butler,$3.408
KS,Kansas,Chase,$3.429
KS,Kansas,Chautauqua,$3.526
KS,Kansas,Cherokee,$3.405
KS,Kansas,Cheyenne,$3.724
KS,Kansas,Clark,$3.519
KS,Kansas,Clay,$3.483
KS,Kansas,Cloud,$3.471
KS,Kansas,Coffey,$3.477
KS,Kansas,Comanche,$3.592
KS,Kansas,Cowley,$3.496
KS,Kansas,Crawford,$3.352
KS,Kansas,Decatur,$3.546
KS,Kansas,Dickinson,$3.371
KS,Kansas,Doniphan,$3.429
KS,Kansas,Douglas,$3.269
KS,Kansas,Edwards,$3.469
KS,Kansas,Elk,$3.599
KS,Kansas,Ellis,$3.469
KS,Kansas,Ellsworth,$3.539
KS,Kansas,Finney,$3.399
KS,Kansas,Ford,$3.466
KS,Kansas,Franklin,$3.402
KS,Kansas,Geary,$3.398
KS,Kansas,Gove,$3.499
KS,Kansas,Graham,$3.519
KS,Kansas,Grant,$3.556
KS,Kansas,Gray,$3.521
KS,Kansas,Greeley,$3.499
KS,Kansas,Greenwood,$3.437
KS,Kansas,Hamilton,$3.559
KS,Kansas,Harper,$3.511
KS,Kansas,Harvey,$3.325
KS,Kansas,Haskell,$3.657
KS,Kansas,Hodgeman,$3.529
KS,Kansas,Jackson,$3.300
KS,Kansas,Jefferson,$3.406
KS,Kansas,Jewell,$3.379
KS,Kansas,Johnson,$3.294
KS,Kansas,Kearny,$3.383
KS,Kansas,Kingman,$3.539
KS,Kansas,Kiowa,$3.517
KS,Kansas,Labette,$3.479
KS,Kansas,Lane,$3.522
KS,Kansas,Leavenworth,$3.272
KS,Kansas,Lincoln,$3.499
KS,Kansas,Linn,$3.526
KS,Kansas,Logan,$3.509
KS,Kansas,Lyon,$3.450
KS,Kansas,Marion,$3.462
KS,Kansas,Marshall,$3.462
KS,Kansas,Mcpherson,$3.316
KS,Kansas,Meade,$3.535
KS,Kansas,Miami,$3.392
KS,Kansas,Mitchell,$3.359
KS,Kansas,Montgomery,$3.531
KS,Kansas,Morris,$3.463
KS,Kansas,Morton,$3.662
KS,Kansas,Nemaha,$3.454
KS,Kansas,Neosho,$3.500
KS,Kansas,Ness,$3.451
KS,Kansas,Norton,$3.375
KS,Kansas,Osage,$3.509
KS,Kansas,Osborne,$3.417
KS,Kansas,Ottawa,$3.459
KS,Kansas,Pawnee,$3.422
KS,Kansas,Phillips,$3.356
KS,Kansas,Pottawatomie,$3.406
KS,Kansas,Pratt,$3.461
KS,Kansas,Rawlins,$3.439
KS,Kansas,Reno,$3.226
KS,Kansas,Republic,$3.409
KS,Kansas,Rice,$3.379
KS,Kansas,Riley,$3.482
KS,Kansas,Rooks,$3.458
KS,Kansas,Rush,$3.559
KS,Kansas,Russell,$3.563
KS,Kansas,Saline,$3.390
KS,Kansas,Scott,$3.507
KS,Kansas,Sedgwick,$3.412
KS,Kansas,Seward,$3.551
KS,Kansas,Shawnee,$3.389
KS,Kansas,Sheridan,$3.539
KS,Kansas,Sherman,$3.509
KS,Kansas,Smith,$3.477
KS,Kansas,Stafford,$3.495
KS,Kansas,Stanton,$3.599
KS,Kansas,Stevens,$3.559
KS,Kansas,Sumner,$3.441
KS,Kansas,Thomas,$3.540
KS,Kansas,Trego,$3.349
KS,Kansas,Wabaunsee,$3.409
KS,Kansas,Wallace,$3.704
KS,Kansas,Washington,$3.492
KS,Kansas,Wichita,$3.472
KS,Kansas,Wilson,$3.501
KS,Kansas,Woodson,$3.459
KS,Kansas,Wyandotte,$3.333
KY,Kentucky,Adair,$3.039
KY,Kentucky,Allen,$3.297
KY,Kentucky,Anderson,$3.433
KY,Kentucky,Ballard,$3.162
KY,Kentucky,Barren,$3.375
KY,Kentucky,Bath,$3.345
KY,Kentucky,Bell,$2.968
KY,Kentucky,Boone,$3.620
KY,Kentucky,Bourbon,$3.483
KY,Kentucky,Boyd,$3.448
KY,Kentucky,Boyle,$3.374
KY,Kentucky,Bracken,$3.531
KY,Kentucky,Breathitt,$3.590
KY,Kentucky,Breckinridge,$3.285
KY,Kentucky,Bullitt,$3.514
KY,Kentucky,Butler,$3.257
KY,Kentucky,Caldwell,$3.236
KY,Kentucky,Calloway,$3.163
KY,Kentucky,Campbell,$3.608
KY,Kentucky,Carlisle,$3.199
KY,Kentucky,Carroll,$3.461
KY,Kentucky,Carter,$3.511
KY,Kentucky,Casey,$3.099
KY,Kentucky,Christian,$3.138
KY,Kentucky,Clark,$3.475
KY,Kentucky,Clay,$3.439
KY,Kentucky,Clinton,$3.359
KY,Kentucky,Crittenden,$3.199
KY,Kentucky,Cumberland,$3.294
KY,Kentucky,Daviess,$3.059
KY,Kentucky,Edmonson,$3.176
KY,Kentucky,Elliott,$3.559
KY,Kentucky,Estill,$3.312
KY,Kentucky,Fayette,$3.459
KY,Kentucky,Fleming,$3.457
KY,Kentucky,Floyd,$3.524
KY,Kentucky,Franklin,$3.475
KY,Kentucky,Fulton,$3.139
KY,Kentucky,Gallatin,$3.429
KY,Kentucky,Garrard,$3.337
KY,Kentucky,Grant,$3.691
KY,Kentucky,Graves,$3.131
KY,Kentucky,Grayson,$3.304
KY,Kentucky,Green,$3.301
KY,Kentucky,Greenup,$3.464
KY,Kentucky,Hancock,$3.275
KY,Kentucky,Hardin,$3.288
KY,Kentucky,Harlan,$3.330
KY,Kentucky,Harrison,$3.469
KY,Kentucky,Hart,$3.271
KY,Kentucky,Henderson,$3.078
KY,Kentucky,Henry,$3.336
KY,Kentucky,Hickman,$3.099
KY,Kentucky,Hopkins,$3.120
KY,Kentucky,Jackson,$3.151
KY,Kentucky,Jefferson,$3.629
KY,Kentucky,Jessamine,$3.330
KY,Kentucky,Johnson,$3.474
KY,Kentucky,Kenton,$3.625
KY,Kentucky,Knott,$3.557
KY,Kentucky,Knox,$3.128
KY,Kentucky,Larue,$3.163
KY,Kentucky,Laurel,$3.351
KY,Kentucky,Lawrence,$3.385
KY,Kentucky,Lee,$3.509
KY,Kentucky,Leslie,$3.371
KY,Kentucky,Letcher,$3.375
KY,Kentucky,Lewis,$3.496
KY,Kentucky,Lincoln,$3.351
KY,Kentucky,Livingston,$3.252
KY,Kentucky,Logan,$3.129
KY,Kentucky,Lyon,$3.205
KY,Kentucky,Madison,$3.452
KY,Kentucky,Magoffin,$3.621
KY,Kentucky,Marion,$3.339
KY,Kentucky,Marshall,$3.141
KY,Kentucky,Martin,$3.399
KY,Kentucky,Mason,$3.488
KY,Kentucky,McCracken,$3.155
KY,Kentucky,McCreary,$3.199
KY,Kentucky,McLean,$3.200
KY,Kentucky,Meade,$3.296
KY,Kentucky,Menifee,$3.689
KY,Kentucky,Mercer,$3.344
KY,Kentucky,Metcalfe,$3.311
KY,Kentucky,Monroe,$3.317
KY,Kentucky,Montgomery,$3.359
KY,Kentucky,Morgan,$3.589
KY,Kentucky,Muhlenberg,$3.197
KY,Kentucky,Nelson,$3.335
KY,Kentucky,Nicholas,$3.499
KY,Kentucky,Ohio,$3.326
KY,Kentucky,Oldham,$3.661
KY,Kentucky,Owen,$3.499
KY,Kentucky,Owsley,$3.499
KY,Kentucky,Pendleton,$3.669
KY,Kentucky,Perry,$3.576
KY,Kentucky,Pike,$3.470
KY,Kentucky,Powell,$3.349
KY,Kentucky,Pulaski,$3.477
KY,Kentucky,Robertson,$3.499
KY,Kentucky,Rockcastle,$3.439
KY,Kentucky,Rowan,$3.580
KY,Kentucky,Russell,$3.402
KY,Kentucky,Scott,$3.460
KY,Kentucky,Shelby,$3.598
KY,Kentucky,Simpson,$3.008
KY,Kentucky,Spencer,$3.267
KY,Kentucky,Taylor,$3.023
KY,Kentucky,Todd,$3.135
KY,Kentucky,Trigg,$3.309
KY,Kentucky,Trimble,$3.407
KY,Kentucky,Union,$3.258
KY,Kentucky,Warren,$3.343
KY,Kentucky,Washington,$3.281
KY,Kentucky,Wayne,$3.506
KY,Kentucky,Webster,$3.244
KY,Kentucky,Whitley,$3.122
KY,Kentucky,Wolfe,$3.517
KY,Kentucky,Woodford,$3.459
FL,Florida,Alachua,$3.443
FL,Florida,Baker,$3.442
FL,Florida,Bay,$3.234
FL,Florida,Bradford,$3.458
FL,Florida,Brevard,$3.339
FL,Florida,Broward,$3.429
FL,Florida,Calhoun,$3.421
FL,Florida,Charlotte,$3.284
FL,Florida,Citrus,$3.364
FL,Florida,Clay,$3.358
FL,Florida,Collier,$3.425
FL,Florida,Columbia,$3.324
FL,Florida,De Soto,$3.565
FL,Florida,Dixie,$3.487
FL,Florida,Duval,$3.389
FL,Florida,Escambia,$3.149
FL,Florida,Flagler,$3.392
FL,Florida,Franklin,$3.677
FL,Florida,Gadsden,$3.360
FL,Florida,Gilchrist,$3.445
FL,Florida,Glades,$3.462
FL,Florida,Gulf,$3.385
FL,Florida,Hamilton,$3.354
FL,Florida,Hardee,$3.426
FL,Florida,Hendry,$3.560
FL,Florida,Hernando,$3.372
FL,Florida,Highlands,$3.392
FL,Florida,Hillsborough,$3.387
FL,Florida,Holmes,$3.397
FL,Florida,Indian River,$3.398
FL,Florida,Jackson,$3.315
FL,Florida,Jefferson,$3.601
FL,Florida,Lafayette,$3.409
FL,Florida,Lake,$3.351
FL,Florida,Lee,$3.318
FL,Florida,Leon,$3.436
FL,Florida,Levy,$3.438
FL,Florida,Liberty,$3.442
FL,Florida,Madison,$3.436
FL,Florida,Manatee,$3.366
FL,Florida,Marion,$3.390
FL,Florida,Martin,$3.453
FL,Florida,Miami-Dade,$3.454
FL,Florida,Monroe,$3.626
FL,Florida,Nassau,$3.387
FL,Florida,Okaloosa,$3.156
FL,Florida,Okeechobee,$3.401
FL,Florida,Orange,$3.390
FL,Florida,Osceola,$3.363
FL,Florida,Palm Beach,$3.585
FL,Florida,Pasco,$3.356
FL,Florida,Pinellas,$3.383
FL,Florida,Polk,$3.362
FL,Florida,Putnam,$3.333
FL,Florida,Santa Rosa,$3.170
FL,Florida,Sarasota,$3.370
FL,Florida,Seminole,$3.391
FL,Florida,Saint Johns,$3.343
FL,Florida,Saint Lucie,$3.407
FL,Florida,Sumter,$3.347
FL,Florida,Suwannee,$3.394
FL,Florida,Taylor,$3.450
FL,Florida,Union,$3.332
FL,Florida,Volusia,$3.371
FL,Florida,Wakulla,$3.581
FL,Florida,Walton,$3.260
FL,Florida,Washington,$3.490
RI,Rhode Island,Bristol,$3.402
RI,Rhode Island,Kent,$3.308
RI,Rhode Island,Newport,$3.421
RI,Rhode Island,Providence,$3.358
RI,Rhode Island,Washington,$3.391
MO,Missouri,Adair,$3.479
MO,Missouri,Andrew,$3.399
MO,Missouri,Atchison,$3.545
MO,Missouri,Audrain,$3.524
MO,Missouri,Barry,$3.343
MO,Missouri,Barton,$3.388
MO,Missouri,Bates,$3.386
MO,Missouri,Benton,$3.423
MO,Missouri,Bollinger,$3.207
MO,Missouri,Boone,$3.412
MO,Missouri,Buchanan,$3.372
MO,Missouri,Butler,$3.133
MO,Missouri,Caldwell,$3.395
MO,Missouri,Callaway,$3.567
MO,Missouri,Camden,$3.395
MO,Missouri,Cape Girardeau,$3.127
MO,Missouri,Carroll,$3.516
MO,Missouri,Carter,$3.179
MO,Missouri,Cass,$3.224
MO,Missouri,Cedar,$3.373
MO,Missouri,Chariton,$3.505
MO,Missouri,Christian,$3.339
MO,Missouri,Clark,$3.436
MO,Missouri,Clay,$3.269
MO,Missouri,Clinton,$3.411
MO,Missouri,Cole,$3.558
MO,Missouri,Cooper,$3.476
MO,Missouri,Crawford,$3.346
MO,Missouri,Dade,$3.449
MO,Missouri,Dallas,$3.389
MO,Missouri,Daviess,$3.395
MO,Missouri,DeKalb,$3.449
MO,Missouri,Dent,$3.532
MO,Missouri,Douglas,$3.471
MO,Missouri,Dunklin,$3.127
MO,Missouri,Franklin,$3.335
MO,Missouri,Gasconade,$3.487
MO,Missouri,Gentry,$3.466
MO,Missouri,Greene,$3.354
MO,Missouri,Grundy,$3.477
MO,Missouri,Harrison,$3.477
MO,Missouri,Henry,$3.573
MO,Missouri,Hickory,$3.445
MO,Missouri,Holt,$3.481
MO,Missouri,Howard,$3.529
MO,Missouri,Howell,$3.329
MO,Missouri,Iron,$3.319
MO,Missouri,Jackson,$3.304
MO,Missouri,Jasper,$3.335
MO,Missouri,Jefferson,$3.223
MO,Missouri,Johnson,$3.491
MO,Missouri,Knox,$3.499
MO,Missouri,Laclede,$3.449
MO,Missouri,Lafayette,$3.450
MO,Missouri,Lawrence,$3.377
MO,Missouri,Lewis,$3.493
MO,Missouri,Lincoln,$3.387
MO,Missouri,Linn,$3.499
MO,Missouri,Livingston,$3.499
MO,Missouri,Macon,$3.482
MO,Missouri,Madison,$3.125
MO,Missouri,Maries,$3.550
MO,Missouri,Marion,$3.442
MO,Missouri,McDonald,$3.408
MO,Missouri,Mercer,$3.376
MO,Missouri,Miller,$3.613
MO,Missouri,Mississippi,$3.148
MO,Missouri,Moniteau,$3.594
MO,Missouri,Monroe,$3.525
MO,Missouri,Montgomery,$3.431
MO,Missouri,Morgan,$3.589
MO,Missouri,New Madrid,$3.181
MO,Missouri,Newton,$3.362
MO,Missouri,Nodaway,$3.435
MO,Missouri,Oregon,$3.423
MO,Missouri,Osage,$3.649
MO,Missouri,Ozark,$3.454
MO,Missouri,Pemiscot,$3.180
MO,Missouri,Perry,$3.163
MO,Missouri,Pettis,$3.515
MO,Missouri,Phelps,$3.362
MO,Missouri,Pike,$3.559
MO,Missouri,Platte,$3.225
MO,Missouri,Polk,$3.454
MO,Missouri,Pulaski,$3.524
MO,Missouri,Putnam,$3.499
MO,Missouri,Ralls,$3.441
MO,Missouri,Randolph,$3.557
MO,Missouri,Ray,$3.354
MO,Missouri,Reynolds,$3.362
MO,Missouri,Ripley,$3.157
MO,Missouri,Saline,$3.477
MO,Missouri,Schuyler,$3.443
MO,Missouri,Scotland,$3.449
MO,Missouri,Scott,$3.260
MO,Missouri,Shannon,$3.409
MO,Missouri,Shelby,$3.524
MO,Missouri,Saint Charles,$3.012
MO,Missouri,Saint Clair,$3.586
MO,Missouri,Saint Francois,$3.104
MO,Missouri,Saint Louis,$3.309
MO,Missouri,Saint Louis City,$3.357
MO,Missouri,Sainte Genevieve,$3.259
MO,Missouri,Stoddard,$3.198
MO,Missouri,Stone,$3.376
MO,Missouri,Sullivan,$3.449
MO,Missouri,Taney,$3.474
MO,Missouri,Texas,$3.473
MO,Missouri,Vernon,$3.394
MO,Missouri,Warren,$3.227
MO,Missouri,Washington,$3.060
MO,Missouri,Wayne,$3.245
MO,Missouri,Webster,$3.405
MO,Missouri,Worth,$3.589
MO,Missouri,Wright,$3.474
VA,Virginia,Accomack,$3.340
VA,Virginia,Albemarle,$3.271
VA,Virginia,Alexandria City,$3.631
VA,Virginia,Alleghany,$3.399
VA,Virginia,Amelia,$3.391
VA,Virginia,Amherst,$3.302
VA,Virginia,Appomattox,$3.376
VA,Virginia,Arlington,$3.590
VA,Virginia,Augusta,$3.338
VA,Virginia,Bath,$3.714
VA,Virginia,Bedford,$3.300
VA,Virginia,Bedford City,$3.293
VA,Virginia,Bland,$3.521
VA,Virginia,Botetourt,$3.364
VA,Virginia,Bristol,$3.250
VA,Virginia,Brunswick,$3.094
VA,Virginia,Buchanan,$3.553
VA,Virginia,Buckingham,$3.353
VA,Virginia,Buena Vista City,$3.397
VA,Virginia,Campbell,$3.235
VA,Virginia,Caroline,$3.162
VA,Virginia,Carroll,$3.356
VA,Virginia,Charles City,$3.359
VA,Virginia,Charlotte,$3.397
VA,Virginia,Charlottesville City,$3.292
VA,Virginia,Chesapeake City,$3.284
VA,Virginia,Chesterfield,$3.193
VA,Virginia,Clarke,$3.324
VA,Virginia,Clifton Forge City,$3.465
VA,Virginia,Colonial Heights City,$3.130
VA,Virginia,Covington City,$3.567
VA,Virginia,Craig,$3.399
VA,Virginia,Culpeper,$3.387
VA,Virginia,Cumberland,$3.189
VA,Virginia,Danville City,$3.199
VA,Virginia,Dickenson,$3.321
VA,Virginia,Dinwiddie,$3.217
VA,Virginia,Emporia City,$3.442
VA,Virginia,Essex,$3.188
VA,Virginia,Fairfax,$3.696
VA,Virginia,Fairfax City,$3.609
VA,Virginia,Falls Church City,$3.507
VA,Virginia,Fauquier,$3.540
VA,Virginia,Floyd,$3.421
VA,Virginia,Fluvanna,$3.342
VA,Virginia,Franklin,$3.366
VA,Virginia,Franklin City,$3.043
VA,Virginia,Frederick,$3.303
VA,Virginia,Fredericksburg City,$3.199
VA,Virginia,Galax City,$3.337
VA,Virginia,Giles,$3.430
VA,Virginia,Gloucester,$3.087
VA,Virginia,Goochland,$3.316
VA,Virginia,Grayson,$3.359
VA,Virginia,Greene,$3.235
VA,Virginia,Greensville,$3.292
VA,Virginia,Halifax,$3.285
VA,Virginia,Hampton City,$3.196
VA,Virginia,Hanover,$3.201
VA,Virginia,Harrisonburg City,$3.283
VA,Virginia,Henrico,$3.257
VA,Virginia,Henry,$3.233
VA,Virginia,Highland,$3.799
VA,Virginia,Hopewell City,$3.197
VA,Virginia,Isle of Wight,$3.256
VA,Virginia,James City,$3.315
VA,Virginia,King and Queen,$3.295
VA,Virginia,King George,$3.057
VA,Virginia,King William,$3.228
VA,Virginia,Lancaster,$3.169
VA,Virginia,Lee,$3.281
VA,Virginia,Lexington City,$3.513
VA,Virginia,Loudoun,$3.676
VA,Virginia,Louisa,$3.292
VA,Virginia,Lunenburg,$3.265
VA,Virginia,Lynchburg City,$3.274
VA,Virginia,Madison,$3.253
VA,Virginia,Manassas City,$3.438
VA,Virginia,Manassas Park City,
VA,Virginia,Martinsville City,$3.259
VA,Virginia,Mathews,$3.099
VA,Virginia,Mecklenburg,$3.126
VA,Virginia,Middlesex,$3.150
VA,Virginia,Montgomery,$3.378
VA,Virginia,Nelson,$3.455
VA,Virginia,New Kent,$3.413
VA,Virginia,Newport News City,$3.200
VA,Virginia,Norfolk City,$3.274
VA,Virginia,Northampton,$3.356
VA,Virginia,Northumberland,$3.208
VA,Virginia,Norton City,$3.261
VA,Virginia,Nottoway,$3.257
VA,Virginia,Orange,$3.295
VA,Virginia,Page,$3.303
VA,Virginia,Patrick,$3.211
VA,Virginia,Petersburg City,$3.160
VA,Virginia,Pittsylvania,$3.219
VA,Virginia,Poquoson City,$3.289
VA,Virginia,Portsmouth City,$3.275
VA,Virginia,Powhatan,$3.119
VA,Virginia,Prince Edward,$3.385
VA,Virginia,Prince George,$3.118
VA,Virginia,Prince William,$3.468
VA,Virginia,Pulaski,$3.373
VA,Virginia,Radford City,$3.270
VA,Virginia,Rappahannock,$3.542
VA,Virginia,Richmond,$3.199
VA,Virginia,Richmond City,$3.288
VA,Virginia,Roanoke,$3.285
VA,Virginia,Roanoke City,$3.267
VA,Virginia,Rockbridge,$3.439
VA,Virginia,Rockingham,$3.344
VA,Virginia,Russell,$3.293
VA,Virginia,Salem,$3.301
VA,Virginia,Scott,$3.183
VA,Virginia,Shenandoah,$3.284
VA,Virginia,Smyth,$3.364
VA,Virginia,Southampton,$3.134
VA,Virginia,Spotsylvania,$3.189
VA,Virginia,Stafford,$3.380
VA,Virginia,Staunton City,$3.326
VA,Virginia,Suffolk City,$3.215
VA,Virginia,Surry,$3.252
VA,Virginia,Sussex,$3.187
VA,Virginia,Tazewell,$3.251
VA,Virginia,Virginia Beach City,$3.238
VA,Virginia,Warren,$3.134
VA,Virginia,Washington,$3.316
VA,Virginia,Waynesboro City,$3.235
VA,Virginia,Westmoreland,$3.341
VA,Virginia,Williamsburg City,
VA,Virginia,Winchester City,$3.292
VA,Virginia,Wise,$3.314
VA,Virginia,Wythe,$3.323
VA,Virginia,York,$3.150
NC,North Carolina,Alamance,$3.285
NC,North Carolina,Alexander,$3.238
NC,North Carolina,Alleghany,$3.435
NC,North Carolina,Anson,$3.418
NC,North Carolina,Ashe,$3.193
NC,North Carolina,Avery,$3.324
NC,North Carolina,Beaufort,$3.244
NC,North Carolina,Bertie,$3.263
NC,North Carolina,Bladen,$3.292
NC,North Carolina,Brunswick,$3.345
NC,North Carolina,Buncombe,$3.520
NC,North Carolina,Burke,$3.283
NC,North Carolina,Cabarrus,$3.381
NC,North Carolina,Caldwell,$3.239
NC,North Carolina,Camden,$3.299
NC,North Carolina,Carteret,$3.273
NC,North Carolina,Caswell,$3.400
NC,North Carolina,Catawba,$3.226
NC,North Carolina,Chatham,$3.374
NC,North Carolina,Cherokee,$3.408
NC,North Carolina,Chowan,$3.347
NC,North Carolina,Clay,$3.346
NC,North Carolina,Cleveland,$3.294
NC,North Carolina,Columbus,$3.377
NC,North Carolina,Craven,$3.201
NC,North Carolina,Cumberland,$3.184
NC,North Carolina,Currituck,$3.405
NC,North Carolina,Dare,$3.670
NC,North Carolina,Davidson,$3.220
NC,North Carolina,Davie,$3.207
NC,North Carolina,Duplin,$3.380
NC,North Carolina,Durham,$3.347
NC,North Carolina,Edgecombe,$3.226
NC,North Carolina,Forsyth,$3.233
NC,North Carolina,Franklin,$3.256
NC,North Carolina,Gaston,$3.352
NC,North Carolina,Gates,$3.399
NC,North Carolina,Graham,$3.699
NC,North Carolina,Granville,$3.420
NC,North Carolina,Greene,$3.303
NC,North Carolina,Guilford,$3.279
NC,North Carolina,Halifax,$3.387
NC,North Carolina,Harnett,$3.203
NC,North Carolina,Haywood,$3.534
NC,North Carolina,Henderson,$3.519
NC,North Carolina,Hertford,$3.194
NC,North Carolina,Hoke,$3.290
NC,North Carolina,Hyde,$3.662
NC,North Carolina,Iredell,$3.288
NC,North Carolina,Jackson,$3.515
NC,North Carolina,Johnston,$3.282
NC,North Carolina,Jones,$3.232
NC,North Carolina,Lee,$3.228
NC,North Carolina,Lenoir,$3.208
NC,North Carolina,Lincoln,$3.343
NC,North Carolina,Macon,$3.466
NC,North Carolina,Madison,$3.767
NC,North Carolina,Martin,$3.247
NC,North Carolina,McDowell,$3.309
NC,North Carolina,Mecklenburg,$3.383
NC,North Carolina,Mitchell,$3.394
NC,North Carolina,Montgomery,$3.277
NC,North Carolina,Moore,$3.346
NC,North Carolina,Nash,$3.207
NC,North Carolina,New Hanover,$3.422
NC,North Carolina,Northampton,$3.329
NC,North Carolina,Onslow,$3.188
NC,North Carolina,Orange,$3.521
NC,North Carolina,Pamlico,$3.149
NC,North Carolina,Pasquotank,$3.259
NC,North Carolina,Pender,$3.387
NC,North Carolina,Perquimans,$3.337
NC,North Carolina,Person,$3.260
NC,North Carolina,Pitt,$3.194
NC,North Carolina,Polk,$3.470
NC,North Carolina,Randolph,$3.278
NC,North Carolina,Richmond,$3.320
NC,North Carolina,Robeson,$3.343
NC,North Carolina,Rockingham,$3.313
NC,North Carolina,Rowan,$3.282
NC,North Carolina,Rutherford,$3.315
NC,North Carolina,Sampson,$3.346
NC,North Carolina,Scotland,$3.310
NC,North Carolina,Stanly,$3.306
NC,North Carolina,Stokes,$3.267
NC,North Carolina,Surry,$3.195
NC,North Carolina,Swain,$3.345
NC,North Carolina,Transylvania,$3.608
NC,North Carolina,Tyrrell,$3.539
NC,North Carolina,Union,$3.405
NC,North Carolina,Vance,$3.333
NC,North Carolina,Wake,$3.319
NC,North Carolina,Warren,$3.366
NC,North Carolina,Washington,$3.219
NC,North Carolina,Watauga,$3.261
NC,North Carolina,Wayne,$3.206
NC,North Carolina,Wilkes,$3.302
NC,North Carolina,Wilson,$3.238
NC,North Carolina,Yadkin,$3.252
NC,North Carolina,Yancey,$3.377
DE,Delaware,Kent,$3.312
DE,Delaware,New castle,$3.315
DE,Delaware,Sussex,$3.317
CT,Connecticut,Fairfield,$3.442
CT,Connecticut,Hartford,$3.180
CT,Connecticut,Litchfield,$3.232
CT,Connecticut,Middlesex,$3.255
CT,Connecticut,New Haven,$3.304
CT,Connecticut,New London,$3.324
CT,Connecticut,Tolland,$3.224
CT,Connecticut,Windham,$3.330
SC,South Carolina,Abbeville,$3.289
SC,South Carolina,Aiken,$3.186
SC,South Carolina,Allendale,$3.499
SC,South Carolina,Anderson,$3.289
SC,South Carolina,Bamberg,$3.424
SC,South Carolina,Barnwell,$3.454
SC,South Carolina,Beaufort,$3.264
SC,South Carolina,Berkeley,$3.205
SC,South Carolina,Calhoun,$3.452
SC,South Carolina,Charleston,$3.291
SC,South Carolina,Cherokee,$3.195
SC,South Carolina,Chester,$3.328
SC,South Carolina,Chesterfield,$3.237
SC,South Carolina,Clarendon,$3.481
SC,South Carolina,Colleton,$3.388
SC,South Carolina,Darlington,$3.224
SC,South Carolina,Dillon,$3.288
SC,South Carolina,Dorchester,$3.230
SC,South Carolina,Edgefield,$3.579
SC,South Carolina,Fairfield,$3.348
SC,South Carolina,Florence,$3.263
SC,South Carolina,Georgetown,$3.332
SC,South Carolina,Greenville,$3.304
SC,South Carolina,Greenwood,$3.268
SC,South Carolina,Hampton,$3.463
SC,South Carolina,Horry,$3.187
SC,South Carolina,Jasper,$3.369
SC,South Carolina,Kershaw,$3.261
SC,South Carolina,Lancaster,$3.298
SC,South Carolina,Laurens,$3.189
SC,South Carolina,Lee,$3.386
SC,South Carolina,Lexington,$3.261
SC,South Carolina,Marion,$3.284
SC,South Carolina,Marlboro,$3.328
SC,South Carolina,McCormick,$3.217
SC,South Carolina,Newberry,$3.265
SC,South Carolina,Oconee,$3.308
SC,South Carolina,Orangeburg,$3.342
SC,South Carolina,Pickens,$3.223
SC,South Carolina,Richland,$3.295
SC,South Carolina,Saluda,$3.173
SC,South Carolina,Spartanburg,$3.249
SC,South Carolina,Sumter,$3.237
SC,South Carolina,Union,$3.230
SC,South Carolina,Williamsburg,$3.327
SC,South Carolina,York,$3.240
AR,Arkansas,Arkansas,$3.195
AR,Arkansas,Ashley,$3.308
AR,Arkansas,Baxter,$3.398
AR,Arkansas,Benton,$3.396
AR,Arkansas,Boone,$3.531
AR,Arkansas,Bradley,$3.395
AR,Arkansas,Calhoun,$3.399
AR,Arkansas,Carroll,$3.562
AR,Arkansas,Chicot,$3.436
AR,Arkansas,Clark,$3.133
AR,Arkansas,Clay,$3.156
AR,Arkansas,Cleburne,$3.139
AR,Arkansas,Cleveland,$3.199
AR,Arkansas,Columbia,$3.232
AR,Arkansas,Conway,$3.078
AR,Arkansas,Craighead,$3.071
AR,Arkansas,Crawford,$3.382
AR,Arkansas,Crittenden,$3.181
AR,Arkansas,Cross,$3.173
AR,Arkansas,Dallas,$3.199
AR,Arkansas,Desha,$3.399
AR,Arkansas,Drew,$3.288
AR,Arkansas,Faulkner,$3.050
AR,Arkansas,Franklin,$3.375
AR,Arkansas,Fulton,$3.532
AR,Arkansas,Garland,$3.032
AR,Arkansas,Grant,$3.129
AR,Arkansas,Greene,$2.958
AR,Arkansas,Hempstead,$3.300
AR,Arkansas,Hot Spring,$2.997
AR,Arkansas,Howard,$3.390
AR,Arkansas,Independence,$3.191
AR,Arkansas,Izard,$3.279
AR,Arkansas,Jackson,$3.175
AR,Arkansas,Jefferson,$3.068
AR,Arkansas,Johnson,$3.284
AR,Arkansas,Lafayette,$3.317
AR,Arkansas,Lawrence,$3.194
AR,Arkansas,Lee,$3.199
AR,Arkansas,Lincoln,$3.236
AR,Arkansas,Little River,$3.221
AR,Arkansas,Logan,$3.497
AR,Arkansas,Lonoke,$3.095
AR,Arkansas,Madison,$3.480
AR,Arkansas,Marion,$3.489
AR,Arkansas,Miller,$3.107
AR,Arkansas,Mississippi,$3.172
AR,Arkansas,Monroe,$3.122
AR,Arkansas,Montgomery,$3.412
AR,Arkansas,Nevada,$3.089
AR,Arkansas,Newton,$3.631
AR,Arkansas,Ouachita,$3.150
AR,Arkansas,Perry,$3.099
AR,Arkansas,Phillips,$3.212
AR,Arkansas,Pike,$3.191
AR,Arkansas,Poinsett,$3.145
AR,Arkansas,Polk,$3.475
AR,Arkansas,Pope,$3.231
AR,Arkansas,Prairie,$3.165
AR,Arkansas,Pulaski,$3.171
AR,Arkansas,Randolph,$3.073
AR,Arkansas,Saline,$3.130
AR,Arkansas,Scott,$3.431
AR,Arkansas,Searcy,$3.119
AR,Arkansas,Sebastian,$3.389
AR,Arkansas,Sevier,$3.350
AR,Arkansas,Sharp,$3.206
AR,Arkansas,Saint Francis,$3.085
AR,Arkansas,Stone,$3.299
AR,Arkansas,Union,$3.273
AR,Arkansas,Van Buren,$3.009
AR,Arkansas,Washington,$3.463
AR,Arkansas,White,$3.058
AR,Arkansas,Woodruff,$3.199
AR,Arkansas,Yell,$3.324
TN,Tennessee,Anderson,$3.180
TN,Tennessee,Bedford,$3.187
TN,Tennessee,Benton,$3.184
TN,Tennessee,Bledsoe,$3.415
TN,Tennessee,Blount,$3.202
TN,Tennessee,Bradley,$3.182
TN,Tennessee,Campbell,$3.194
TN,Tennessee,Cannon,$3.142
TN,Tennessee,Carroll,$3.132
TN,Tennessee,Carter,$3.119
TN,Tennessee,Cheatham,$3.194
TN,Tennessee,Chester,$3.332
TN,Tennessee,Claiborne,$3.103
TN,Tennessee,Clay,$3.374
TN,Tennessee,Cocke,$3.090
TN,Tennessee,Coffee,$3.176
TN,Tennessee,Crockett,$3.388
TN,Tennessee,Cumberland,$3.171
TN,Tennessee,Davidson,$3.230
TN,Tennessee,Decatur,$3.198
TN,Tennessee,DeKalb,$3.279
TN,Tennessee,Dickson,$3.160
TN,Tennessee,Dyer,$3.116
TN,Tennessee,Fayette,$3.435
TN,Tennessee,Fentress,$3.186
TN,Tennessee,Franklin,$3.163
TN,Tennessee,Gibson,$3.240
TN,Tennessee,Giles,$3.160
TN,Tennessee,Grainger,$3.228
TN,Tennessee,Greene,$3.038
TN,Tennessee,Grundy,$3.163
TN,Tennessee,Hamblen,$3.272
TN,Tennessee,Hamilton,$3.132
TN,Tennessee,Hancock,$3.299
TN,Tennessee,Hardeman,$3.279
TN,Tennessee,Hardin,$3.147
TN,Tennessee,Hawkins,$3.100
TN,Tennessee,Haywood,$3.411
TN,Tennessee,Henderson,$3.125
TN,Tennessee,Henry,$3.047
TN,Tennessee,Hickman,$3.137
TN,Tennessee,Houston,$3.239
TN,Tennessee,Humphreys,$3.088
TN,Tennessee,Jackson,$3.091
TN,Tennessee,Jefferson,$3.219
TN,Tennessee,Johnson,$3.290
TN,Tennessee,Knox,$3.218
TN,Tennessee,Lake,$3.171
TN,Tennessee,Lauderdale,$3.272
TN,Tennessee,Lawrence,$3.200
TN,Tennessee,Lewis,$3.249
TN,Tennessee,Lincoln,$3.258
TN,Tennessee,Loudon,$3.163
TN,Tennessee,Macon,$3.161
TN,Tennessee,Madison,$3.251
TN,Tennessee,Marion,$3.141
TN,Tennessee,Marshall,$3.195
TN,Tennessee,Maury,$3.194
TN,Tennessee,McMinn,$3.199
TN,Tennessee,McNairy,$3.267
TN,Tennessee,Meigs,$3.208
TN,Tennessee,Monroe,$3.264
TN,Tennessee,Montgomery,$3.152
TN,Tennessee,Moore,$3.169
TN,Tennessee,Morgan,$3.176
TN,Tennessee,Obion,$3.253
TN,Tennessee,Overton,$3.247
TN,Tennessee,Perry,$3.275
TN,Tennessee,Pickett,$3.324
TN,Tennessee,Polk,$3.221
TN,Tennessee,Putnam,$3.137
TN,Tennessee,Rhea,$3.116
TN,Tennessee,Roane,$3.181
TN,Tennessee,Robertson,$3.202
TN,Tennessee,Rutherford,$3.194
TN,Tennessee,Scott,$3.133
TN,Tennessee,Sequatchie,$3.096
TN,Tennessee,Sevier,$3.209
TN,Tennessee,Shelby,$3.268
TN,Tennessee,Smith,$3.162
TN,Tennessee,Stewart,$3.100
TN,Tennessee,Sullivan,$3.128
TN,Tennessee,Sumner,$3.148
TN,Tennessee,Tipton,$3.209
TN,Tennessee,Trousdale,$3.126
TN,Tennessee,Unicoi,$3.131
TN,Tennessee,Union,$3.239
TN,Tennessee,Van Buren,$3.199
TN,Tennessee,Warren,$3.187
TN,Tennessee,Washington,$3.116
TN,Tennessee,Wayne,$3.183
TN,Tennessee,Weakley,$3.240
TN,Tennessee,White,$3.065
TN,Tennessee,Williamson,$3.381
TN,Tennessee,Wilson,$3.189
AL,Alabama,Autauga,$3.208
AL,Alabama,Baldwin,$3.222
AL,Alabama,Barbour,$3.295
AL,Alabama,Bibb,$3.245
AL,Alabama,Blount,$3.205
AL,Alabama,Bullock,$3.299
AL,Alabama,Butler,$3.359
AL,Alabama,Calhoun,$3.128
AL,Alabama,Chambers,$3.131
AL,Alabama,Cherokee,$3.088
AL,Alabama,Chilton,$3.305
AL,Alabama,Choctaw,$3.415
AL,Alabama,Clarke,$3.340
AL,Alabama,Clay,$3.197
AL,Alabama,Cleburne,$3.229
AL,Alabama,Coffee,$3.225
AL,Alabama,Colbert,$3.165
AL,Alabama,Conecuh,$3.439
AL,Alabama,Coosa,$3.309
AL,Alabama,Covington,$3.194
AL,Alabama,Crenshaw,$3.252
AL,Alabama,Cullman,$3.186
AL,Alabama,Dale,$3.250
AL,Alabama,Dallas,$3.266
AL,Alabama,De Kalb,$3.189
AL,Alabama,Elmore,$3.255
AL,Alabama,Escambia,$3.268
AL,Alabama,Etowah,$3.077
AL,Alabama,Fayette,$3.284
AL,Alabama,Franklin,$3.179
AL,Alabama,Geneva,$3.318
AL,Alabama,Greene,$3.423
AL,Alabama,Hale,$3.239
AL,Alabama,Henry,$3.260
AL,Alabama,Houston,$3.256
AL,Alabama,Jackson,$3.209
AL,Alabama,Jefferson,$3.183
AL,Alabama,Lamar,$3.269
AL,Alabama,Lauderdale,$3.206
AL,Alabama,Lawrence,$3.188
AL,Alabama,Lee,$3.227
AL,Alabama,Limestone,$3.149
AL,Alabama,Lowndes,$3.315
AL,Alabama,Macon,$3.408
AL,Alabama,Madison,$3.190
AL,Alabama,Marengo,$3.301
AL,Alabama,Marion,$3.246
AL,Alabama,Marshall,$3.071
AL,Alabama,Mobile,$3.178
AL,Alabama,Monroe,$3.308
AL,Alabama,Montgomery,$3.203
AL,Alabama,Morgan,$3.131
AL,Alabama,Perry,$3.499
AL,Alabama,Pickens,$3.204
AL,Alabama,Pike,$3.242
AL,Alabama,Randolph,$3.270
AL,Alabama,Russell,$3.239
AL,Alabama,Shelby,$3.107
AL,Alabama,Saint Clair,$3.167
AL,Alabama,Sumter,$3.434
AL,Alabama,Talladega,$3.214
AL,Alabama,Tallapoosa,$3.349
AL,Alabama,Tuscaloosa,$3.164
AL,Alabama,Walker,$3.176
AL,Alabama,Washington,$3.373
AL,Alabama,Wilcox,$3.565
AL,Alabama,Winston,$3.267
GA,Georgia,Appling,$3.074
GA,Georgia,Atkinson,$3.062
GA,Georgia,Bacon,$3.057
GA,Georgia,Bibb,$3.119
GA,Georgia,Bulloch,$3.044
GA,Georgia,Baldwin,$2.980
GA,Georgia,Brantley,$3.026
GA,Georgia,Ben Hill,$3.506
GA,Georgia,Berrien,$3.029
GA,Georgia,Baker,$3.189
GA,Georgia,Bleckley,$3.123
GA,Georgia,Banks,$3.179
GA,Georgia,Brooks,$3.096
GA,Georgia,Bryan,$3.170
GA,Georgia,Butts,$3.160
GA,Georgia,Bartow,$3.190
GA,Georgia,Burke,$2.986
GA,Georgia,Barrow,$3.153
GA,Georgia,Chatham,$3.223
GA,Georgia,Cobb,$3.285
GA,Georgia,Chattahoochee,$3.154
GA,Georgia,Crawford,$3.369
GA,Georgia,Cherokee,$3.219
GA,Georgia,Coffee,$3.170
GA,Georgia,Chattooga,$3.008
GA,Georgia,Charlton,$3.107
GA,Georgia,Clinch,$3.214
GA,Georgia,Clarke,$3.189
GA,Georgia,Calhoun,$3.239
GA,Georgia,Camden,$3.137
GA,Georgia,Candler,$3.312
GA,Georgia,Cook,$3.211
GA,Georgia,Crisp,$3.092
GA,Georgia,Colquitt,$3.043
GA,Georgia,Carroll,$3.136
GA,Georgia,Catoosa,$2.952
GA,Georgia,Clayton,$3.239
GA,Georgia,Columbia,$3.133
GA,Georgia,Coweta,$3.278
GA,Georgia,Clay,$3.389
GA,Georgia,Dade,$2.933
GA,Georgia,Decatur,$3.028
GA,Georgia,Douglas,$3.233
GA,Georgia,DeKalb,$3.267
GA,Georgia,Dooly,$3.147
GA,Georgia,Dodge,$3.039
GA,Georgia,Dougherty,$2.968
GA,Georgia,Dawson,$3.123
GA,Georgia,Early,$3.395
GA,Georgia,Echols,
GA,Georgia,Effingham,$3.118
GA,Georgia,Elbert,$3.069
GA,Georgia,Emanuel,$3.357
GA,Georgia,Evans,$2.930
GA,Georgia,Fannin,$3.147
GA,Georgia,Floyd,$3.070
GA,Georgia,Forsyth,$3.212
GA,Georgia,Franklin,$3.209
GA,Georgia,Fulton,$3.397
GA,Georgia,Fayette,$3.314
GA,Georgia,Greene,$3.472
GA,Georgia,Gilmer,$3.195
GA,Georgia,Glascock,$3.099
GA,Georgia,Gordon,$3.138
GA,Georgia,Grady,$3.103
GA,Georgia,Gwinnett,$3.249
GA,Georgia,Glynn,$3.105
GA,Georgia,Habersham,$3.093
GA,Georgia,Heard,$3.222
GA,Georgia,Harris,$3.117
GA,Georgia,Hall,$3.133
GA,Georgia,Hancock,$3.344
GA,Georgia,Houston,$3.013
GA,Georgia,Haralson,$3.033
GA,Georgia,Hart,$3.152
GA,Georgia,Henry,$3.255
GA,Georgia,Irwin,$3.284
GA,Georgia,Jackson,$3.209
GA,Georgia,Jeff Davis,$2.991
GA,Georgia,Jefferson,$3.073
GA,Georgia,Jenkins,$3.099
GA,Georgia,Jones,$3.175
GA,Georgia,Johnson,$2.931
GA,Georgia,Jasper,$3.215
GA,Georgia,Lamar,$3.073
GA,Georgia,Lincoln,$3.139
GA,Georgia,Lee,$2.972
GA,Georgia,Liberty,$3.085
GA,Georgia,Lanier,$2.999
GA,Georgia,Long,$3.076
GA,Georgia,Lumpkin,$3.245
GA,Georgia,Laurens,$2.981
GA,Georgia,Lowndes,$3.044
GA,Georgia,Macon,$3.172
GA,Georgia,Mcduffie,$3.143
GA,Georgia,Madison,$3.130
GA,Georgia,Meriwether,$3.185
GA,Georgia,Montgomery,$3.153
GA,Georgia,Mcintosh,$3.309
GA,Georgia,Miller,$3.091
GA,Georgia,Morgan,$3.255
GA,Georgia,Monroe,$3.200
GA,Georgia,Marion,$3.109
GA,Georgia,Muscogee,$3.014
GA,Georgia,Mitchell,$3.032
GA,Georgia,Murray,$2.926
GA,Georgia,Newton,$3.257
GA,Georgia,Oconee,$3.134
GA,Georgia,Oglethorpe,$3.215
GA,Georgia,Peach,$3.021
GA,Georgia,Pickens,$3.237
GA,Georgia,Paulding,$3.228
GA,Georgia,Pierce,$3.016
GA,Georgia,Pike,$3.121
GA,Georgia,Pulaski,$3.199
GA,Georgia,Polk,$3.070
GA,Georgia,Putnam,$3.090
GA,Georgia,Quitman,$2.976
GA,Georgia,Randolph,$2.999
GA,Georgia,Rabun,$3.187
GA,Georgia,Richmond,$3.130
GA,Georgia,Rockdale,$3.272
GA,Georgia,Schley,$2.899
GA,Georgia,Stephens,$3.116
GA,Georgia,Seminole,$3.153
GA,Georgia,Spalding,$3.293
GA,Georgia,Screven,$3.063
GA,Georgia,Stewart,$3.169
GA,Georgia,Sumter,$2.962
GA,Georgia,Taliaferro,$3.419
GA,Georgia,Talbot,$3.144
GA,Georgia,Treutlen,$3.081
GA,Georgia,Telfair,$3.155
GA,Georgia,Thomas,$3.074
GA,Georgia,Tift,$3.179
GA,Georgia,Terrell,$3.014
GA,Georgia,Toombs,$3.112
GA,Georgia,Towns,$3.171
GA,Georgia,Troup,$3.171
GA,Georgia,Tattnall,$3.231
GA,Georgia,Turner,$3.126
GA,Georgia,Twiggs,$3.179
GA,Georgia,Taylor,$3.196
GA,Georgia,Union,$3.040
GA,Georgia,Upson,$3.080
GA,Georgia,Ware,$2.977
GA,Georgia,Wilcox,$3.199
GA,Georgia,Wheeler,$3.096
GA,Georgia,Washington,$3.086
GA,Georgia,Whitfield,$2.969
GA,Georgia,Wilkinson,$3.058
GA,Georgia,Walker,$2.972
GA,Georgia,Wilkes,$3.110
GA,Georgia,Walton,$3.183
GA,Georgia,Worth,$3.198
GA,Georgia,Warren,$3.174
GA,Georgia,Webster,$3.104
GA,Georgia,White,$3.084
GA,Georgia,Wayne,$2.989
TX,Texas,Anderson,$3.158
TX,Texas,Andrews,$3.287
TX,Texas,Angelina,$3.174
TX,Texas,Aransas,$3.016
TX,Texas,Archer,$3.529
TX,Texas,Armstrong,$3.394
TX,Texas,Atascosa,$3.121
TX,Texas,Austin,$3.098
TX,Texas,Bailey,$3.199
TX,Texas,Bandera,$3.381
TX,Texas,Bastrop,$3.207
TX,Texas,Baylor,$3.599
TX,Texas,Bee,$3.078
TX,Texas,Bell,$3.168
TX,Texas,Bexar,$3.040
TX,Texas,Blanco,$3.222
TX,Texas,Borden,
TX,Texas,Bosque,$3.274
TX,Texas,Bowie,$3.160
TX,Texas,Brazoria,$2.996
TX,Texas,Brazos,$3.212
TX,Texas,Brewster,$3.804
TX,Texas,Briscoe,$3.499
TX,Texas,Brooks,$3.009
TX,Texas,Brown,$3.097
TX,Texas,Burleson,$3.243
TX,Texas,Burnet,$3.152
TX,Texas,Caldwell,$3.135
TX,Texas,Calhoun,$3.144
TX,Texas,Callahan,$3.182
TX,Texas,Cameron,$2.988
TX,Texas,Camp,$3.283
TX,Texas,Carson,$3.419
TX,Texas,Cass,$3.192
TX,Texas,Castro,$3.499
TX,Texas,Chambers,$3.105
TX,Texas,Cherokee,$3.188
TX,Texas,Childress,$3.272
TX,Texas,Clay,$3.375
TX,Texas,Cochran,$3.499
TX,Texas,Coke,$3.299
TX,Texas,Coleman,$3.203
TX,Texas,Collin,$3.012
TX,Texas,Collingsworth,$3.524
TX,Texas,Colorado,$3.105
TX,Texas,Comal,$3.058
TX,Texas,Comanche,$3.107
TX,Texas,Concho,$3.299
TX,Texas,Cooke,$3.160
TX,Texas,Coryell,$3.103
TX,Texas,Cottle,$3.674
TX,Texas,Crane,$3.449
TX,Texas,Crockett,$3.334
TX,Texas,Crosby,$3.499
TX,Texas,Culberson,$3.737
TX,Texas,Dallam,$3.452
TX,Texas,Dallas,$3.057
TX,Texas,Dawson,$3.459
TX,Texas,Deaf Smith,$3.272
TX,Texas,Delta,$3.349
TX,Texas,Denton,$3.013
TX,Texas,De Witt,$3.141
TX,Texas,Dickens,$3.599
TX,Texas,Dimmit,$3.308
TX,Texas,Donley,$3.421
TX,Texas,Duval,$3.072
TX,Texas,Eastland,$3.144
TX,Texas,Ector,$3.094
TX,Texas,Edwards,$3.499
TX,Texas,El Paso,$3.231
TX,Texas,Ellis,$3.066
TX,Texas,Erath,$3.191
TX,Texas,Falls,$3.259
TX,Texas,Fannin,$3.133
TX,Texas,Fayette,$3.232
TX,Texas,Fisher,$3.457
TX,Texas,Floyd,$3.482
TX,Texas,Foard,$3.299
TX,Texas,Fort Bend,$2.975
TX,Texas,Franklin,$3.255
TX,Texas,Freestone,$3.265
TX,Texas,Frio,$3.156
TX,Texas,Gaines,$3.223
TX,Texas,Galveston,$3.064
TX,Texas,Garza,$3.299
TX,Texas,Gillespie,$3.298
TX,Texas,Glasscock,$3.264
TX,Texas,Goliad,$3.254
TX,Texas,Gonzales,$3.142
TX,Texas,Gray,$3.388
TX,Texas,Grayson,$3.017
TX,Texas,Gregg,$3.235
TX,Texas,Grimes,$3.272
TX,Texas,Guadalupe,$3.061
TX,Texas,Hale,$3.404
TX,Texas,Hall,$3.402
TX,Texas,Hamilton,$3.197
TX,Texas,Hansford,$3.456
TX,Texas,Hardeman,$3.239
TX,Texas,Hardin,$3.176
TX,Texas,Harris,$3.029
TX,Texas,Harrison,$3.382
TX,Texas,Hartley,$3.499
TX,Texas,Haskell,$3.396
TX,Texas,Hays,$3.158
TX,Texas,Hemphill,$3.449
TX,Texas,Henderson,$3.288
TX,Texas,Hidalgo,$2.987
TX,Texas,Hill,$3.199
TX,Texas,Hockley,$3.191
TX,Texas,Hood,$3.188
TX,Texas,Hopkins,$3.295
TX,Texas,Houston,$3.367
TX,Texas,Howard,$3.081
TX,Texas,Hudspeth,$3.652
TX,Texas,Hunt,$3.106
TX,Texas,Hutchinson,$3.327
TX,Texas,Irion,$3.399
TX,Texas,Jack,$3.531
TX,Texas,Jackson,$3.344
TX,Texas,Jasper,$3.337
TX,Texas,Jeff Davis,$3.674
TX,Texas,Jefferson,$3.191
TX,Texas,Jim Hogg,$3.129
TX,Texas,Jim Wells,$3.027
TX,Texas,Johnson,$3.039
TX,Texas,Jones,$3.197
TX,Texas,Karnes,$3.390
TX,Texas,Kaufman,$3.201
TX,Texas,Kendall,$3.124
TX,Texas,Kenedy,
TX,Texas,Kent,
TX,Texas,Kerr,$3.152
TX,Texas,Kimble,$3.319
TX,Texas,King,
TX,Texas,Kinney,$3.039
TX,Texas,Kleberg,$3.076
TX,Texas,Knox,$3.599
TX,Texas,La Salle,$3.182
TX,Texas,Lamar,$3.123
TX,Texas,Lamb,$3.395
TX,Texas,Lampasas,$3.104
TX,Texas,Lavaca,$3.353
TX,Texas,Lee,$3.188
TX,Texas,Leon,$3.248
TX,Texas,Liberty,$3.076
TX,Texas,Limestone,$3.204
TX,Texas,Lipscomb,$3.499
TX,Texas,Live Oak,$3.110
TX,Texas,Llano,$3.238
TX,Texas,Loving,$3.459
TX,Texas,Lubbock,$3.138
TX,Texas,Lynn,$3.466
TX,Texas,Madison,$3.327
TX,Texas,Marion,$3.171
TX,Texas,Martin,$3.649
TX,Texas,Mason,$3.517
TX,Texas,Matagorda,$3.181
TX,Texas,Maverick,$3.226
TX,Texas,McCulloch,$3.508
TX,Texas,McLennan,$3.147
TX,Texas,McMullen,$3.149
TX,Texas,Medina,$3.119
TX,Texas,Menard,$3.414
TX,Texas,Midland,$3.109
TX,Texas,Milam,$3.167
TX,Texas,Mills,$3.139
TX,Texas,Mitchell,$3.046
TX,Texas,Montague,$3.377
TX,Texas,Montgomery,$3.020
TX,Texas,Moore,$3.371
TX,Texas,Morris,$3.333
TX,Texas,Motley,$3.579
TX,Texas,Nacogdoches,$3.226
TX,Texas,Navarro,$3.246
TX,Texas,Newton,$3.431
TX,Texas,Nolan,$3.137
TX,Texas,Nueces,$3.032
TX,Texas,Ochiltree,$3.410
TX,Texas,Oldham,$3.717
TX,Texas,Orange,$3.188
TX,Texas,Palo Pinto,$3.172
TX,Texas,Panola,$3.283
TX,Texas,Parker,$3.125
TX,Texas,Parmer,$3.441
TX,Texas,Pecos,$3.571
TX,Texas,Polk,$3.127
TX,Texas,Potter,$3.322
TX,Texas,Presidio,$3.882
TX,Texas,Rains,$3.166
TX,Texas,Randall,$3.285
TX,Texas,Reagan,$3.596
TX,Texas,Real,$3.276
TX,Texas,Red River,$3.346
TX,Texas,Reeves,$3.395
TX,Texas,Refugio,$3.195
TX,Texas,Roberts,
TX,Texas,Robertson,$3.235
TX,Texas,Rockwall,$3.050
TX,Texas,Runnels,$3.137
TX,Texas,Rusk,$3.269
TX,Texas,Sabine,$3.331
TX,Texas,San Augustine,$3.333
TX,Texas,San Jacinto,$3.118
TX,Texas,San Patricio,$3.069
TX,Texas,San Saba,$3.391
TX,Texas,Schleicher,$3.629
TX,Texas,Scurry,$3.254
TX,Texas,Shackelford,$3.274
TX,Texas,Shelby,$3.210
TX,Texas,Sherman,$3.416
TX,Texas,Smith,$3.129
TX,Texas,Somervell,$3.179
TX,Texas,Starr,$3.047
TX,Texas,Stephens,$3.006
TX,Texas,Sterling,$3.349
TX,Texas,Stonewall,$3.499
TX,Texas,Sutton,$3.240
TX,Texas,Swisher,$3.475
TX,Texas,Tarrant,$3.035
TX,Texas,Taylor,$3.101
TX,Texas,Terrell,$3.959
TX,Texas,Terry,$3.464
TX,Texas,Throckmorton,$3.599
TX,Texas,Titus,$3.284
TX,Texas,Tom Green,$2.917
TX,Texas,Travis,$3.221
TX,Texas,Trinity,$3.252
TX,Texas,Tyler,$3.307
TX,Texas,Upshur,$3.263
TX,Texas,Upton,$3.586
TX,Texas,Uvalde,$3.198
TX,Texas,Val Verde,$3.124
TX,Texas,Van Zandt,$3.174
TX,Texas,Victoria,$3.019
TX,Texas,Walker,$3.125
TX,Texas,Waller,$3.067
TX,Texas,Ward,$3.462
TX,Texas,Washington,$3.244
TX,Texas,Webb,$3.026
TX,Texas,Wharton,$3.061
TX,Texas,Wheeler,$3.486
TX,Texas,Wichita,$3.212
TX,Texas,Wilbarger,$3.072
TX,Texas,Willacy,$2.976
TX,Texas,Williamson,$3.166
TX,Texas,Wilson,$3.133
TX,Texas,Winkler,$3.459
TX,Texas,Wise,$3.136
TX,Texas,Wood,$3.307
TX,Texas,Yoakum,$3.407
TX,Texas,Young,$3.442
TX,Texas,Zapata,$3.124
TX,Texas,Zavala,$3.366
LA,Louisiana,Acadia,$3.179
LA,Louisiana,Allen,$3.330
LA,Louisiana,Ascension,$3.041
LA,Louisiana,Assumption,$3.229
LA,Louisiana,Avoyelles,$3.144
LA,Louisiana,Beauregard,$3.180
LA,Louisiana,Bienville,$3.213
LA,Louisiana,Bossier,$3.046
LA,Louisiana,Caddo,$3.066
LA,Louisiana,Calcasieu,$3.151
LA,Louisiana,Caldwell,$3.259
LA,Louisiana,Cameron,$3.554
LA,Louisiana,Catahoula,$3.228
LA,Louisiana,Claiborne,$3.216
LA,Louisiana,Concordia,$3.063
LA,Louisiana,De Soto,$3.243
LA,Louisiana,East Baton Rouge,$3.014
LA,Louisiana,East Carroll,$3.279
LA,Louisiana,East Feliciana,$3.316
LA,Louisiana,Evangeline,$3.119
LA,Louisiana,Franklin,$3.035
LA,Louisiana,Grant,$3.249
LA,Louisiana,Iberia,$3.079
LA,Louisiana,Iberville,$3.152
LA,Louisiana,Jackson,$3.040
LA,Louisiana,Jefferson,$3.089
LA,Louisiana,Jefferson Davis,$3.242
LA,Louisiana,La Salle,$3.206
LA,Louisiana,Lafayette,$3.051
LA,Louisiana,Lafourche,$3.191
LA,Louisiana,Lincoln,$3.027
LA,Louisiana,Livingston,$3.017
LA,Louisiana,Madison,$3.096
LA,Louisiana,Morehouse,$3.061
LA,Louisiana,Natchitoches,$3.107
LA,Louisiana,Orleans,$3.139
LA,Louisiana,Ouachita,$2.994
LA,Louisiana,Plaquemines,$3.338
LA,Louisiana,Pointe Coupee,$3.292
LA,Louisiana,Rapides,$3.086
LA,Louisiana,Red River,$3.229
LA,Louisiana,Richland,$3.057
LA,Louisiana,Sabine,$3.269
LA,Louisiana,Saint Bernard,$3.036
LA,Louisiana,Saint Charles,$3.158
LA,Louisiana,Saint Helena,$3.189
LA,Louisiana,Saint James,$3.193
LA,Louisiana,St John the Baptist,$3.103
LA,Louisiana,Saint Landry,$3.104
LA,Louisiana,Saint Martin,$3.075
LA,Louisiana,Saint Mary,$3.255
LA,Louisiana,Saint Tammany,$3.051
LA,Louisiana,Tangipahoa,$3.097
LA,Louisiana,Tensas,$3.299
LA,Louisiana,Terrebonne,$3.213
LA,Louisiana,Union,$3.198
LA,Louisiana,Vermilion,$3.210
LA,Louisiana,Vernon,$3.230
LA,Louisiana,Washington,$3.208
LA,Louisiana,Webster,$3.165
LA,Louisiana,West Baton Rouge,$3.139
LA,Louisiana,West Carroll,$3.149
LA,Louisiana,West Feliciana,$3.333
LA,Louisiana,Winn,$3.135
MS,Mississippi,Adams,$3.189
MS,Mississippi,Alcorn,$3.110
MS,Mississippi,Amite,$3.211
MS,Mississippi,Attala,$3.219
MS,Mississippi,Benton,$3.339
MS,Mississippi,Bolivar,$3.038
MS,Mississippi,Calhoun,$3.143
MS,Mississippi,Carroll,$3.219
MS,Mississippi,Chickasaw,$3.097
MS,Mississippi,Choctaw,$3.104
MS,Mississippi,Claiborne,$3.699
MS,Mississippi,Clarke,$3.187
MS,Mississippi,Clay,$2.966
MS,Mississippi,Coahoma,$3.037
MS,Mississippi,Copiah,$3.027
MS,Mississippi,Covington,$3.189
MS,Mississippi,De Soto,$3.033
MS,Mississippi,Forrest,$3.195
MS,Mississippi,Franklin,$3.055
MS,Mississippi,George,$3.216
MS,Mississippi,Greene,$3.216
MS,Mississippi,Grenada,$3.108
MS,Mississippi,Hancock,$3.161
MS,Mississippi,Harrison,$2.942
MS,Mississippi,Hinds,$3.025
MS,Mississippi,Holmes,$3.192
MS,Mississippi,Humphreys,$3.474
MS,Mississippi,Issaquena,
MS,Mississippi,Itawamba,$3.028
MS,Mississippi,Jackson,$3.011
MS,Mississippi,Jasper,$2.928
MS,Mississippi,Jefferson,$3.299
MS,Mississippi,Jefferson Davis,$3.199
MS,Mississippi,Jones,$2.937
MS,Mississippi,Kemper,$3.236
MS,Mississippi,Lafayette,$3.224
MS,Mississippi,Lamar,$3.217
MS,Mississippi,Lauderdale,$3.160
MS,Mississippi,Lawrence,$3.016
MS,Mississippi,Leake,$3.029
MS,Mississippi,Lee,$3.036
MS,Mississippi,Leflore,$3.154
MS,Mississippi,Lincoln,$2.980
MS,Mississippi,Lowndes,$2.987
MS,Mississippi,Madison,$3.048
MS,Mississippi,Marion,$3.127
MS,Mississippi,Marshall,$3.187
MS,Mississippi,Monroe,$3.040
MS,Mississippi,Montgomery,$3.012
MS,Mississippi,Neshoba,$3.129
MS,Mississippi,Newton,$3.193
MS,Mississippi,Noxubee,$3.311
MS,Mississippi,Oktibbeha,$2.991
MS,Mississippi,Panola,$3.029
MS,Mississippi,Pearl River,$2.950
MS,Mississippi,Perry,$3.248
MS,Mississippi,Pike,$2.944
MS,Mississippi,Pontotoc,$3.102
MS,Mississippi,Prentiss,$3.119
MS,Mississippi,Quitman,$3.299
MS,Mississippi,Rankin,$2.939
MS,Mississippi,Scott,$3.146
MS,Mississippi,Sharkey,$3.332
MS,Mississippi,Simpson,$2.928
MS,Mississippi,Smith,$3.205
MS,Mississippi,Stone,$3.066
MS,Mississippi,Sunflower,$3.087
MS,Mississippi,Tallahatchie,$3.209
MS,Mississippi,Tate,$3.016
MS,Mississippi,Tippah,$3.179
MS,Mississippi,Tishomingo,$3.142
MS,Mississippi,Tunica,$3.297
MS,Mississippi,Union,$3.148
MS,Mississippi,Walthall,$3.174
MS,Mississippi,Warren,$2.966
MS,Mississippi,Washington,$3.037
MS,Mississippi,Wayne,$3.093
MS,Mississippi,Webster,$3.087
MS,Mississippi,Wilkinson,$3.259
MS,Mississippi,Winston,$3.095
MS,Mississippi,Yalobusha,$3.180
MS,Mississippi,Yazoo,$3.012
