CA,California,Alameda,$4.816
CA,California,Alpine,
CA,California,Amador,$4.689
CA,California,Butte,$4.538
CA,California,Calaveras,$4.743
CA,California,Colusa,$4.693
CA,California,Contra Costa,$4.786
CA,California,Del Norte,$5.290
CA,California,El Dorado,$4.800
CA,California,Fresno,$4.719
CA,California,Glenn,$4.567
CA,California,Humboldt,$5.433
CA,California,Imperial,$4.649
CA,California,Inyo,$5.303
CA,California,Kern,$4.833
CA,California,Kings,$4.769
CA,California,Lake,$4.759
CA,California,Lassen,$4.878
CA,California,Los Angeles,$4.830
CA,California,Madera,$4.701
CA,California,Marin,$4.848
CA,California,Mariposa,$4.903
CA,California,Mendocino,$4.858
CA,California,Merced,$4.659
CA,California,Modoc,$4.735
CA,California,Mono,$5.830
CA,California,Monterey,$4.964
CA,California,Napa,$4.916
CA,California,Nevada,$5.041
CA,California,Orange,$4.790
CA,California,Placer,$4.797
CA,California,Plumas,$4.912
CA,California,Riverside,$4.754
CA,California,Sacramento,$4.623
CA,California,San Benito,$4.765
CA,California,San Bernardino,$4.784
CA,California,San Diego,$4.820
CA,California,San Francisco,$4.946
CA,California,San Joaquin,$4.578
CA,California,San Luis Obispo,$5.114
CA,California,San Mateo,$4.942
CA,California,Santa Barbara,$4.848
CA,California,Santa Clara,$4.772
CA,California,Santa Cruz,$4.834
CA,California,Shasta,$4.582
CA,California,Sierra,$4.749
CA,California,Siskiyou,$4.892
CA,California,Solano,$4.743
CA,California,Sonoma,$4.934
CA,California,Stanislaus,$4.542
CA,California,Sutter,$4.421
CA,California,Tehama,$4.534
CA,California,Trinity,$5.265
CA,California,Tulare,$4.757
CA,California,Tuolumne,$4.630
CA,California,Ventura,$4.898
CA,California,Yolo,$4.685
CA,California,Yuba,$4.327
HI,Hawaii,Hawaii,$4.930
HI,Hawaii,Honolulu,$4.681
HI,Hawaii,Kalawao,
HI,Hawaii,Kauai,$5.240
HI,Hawaii,Maui,$4.851
AZ,Arizona,Apache,$3.996
AZ,Arizona,Cochise,$3.874
AZ,Arizona,Coconino,$4.341
AZ,Arizona,Gila,$4.032
AZ,Arizona,Graham,$3.413
AZ,Arizona,Greenlee,$3.901
AZ,Arizona,La Paz,$4.161
AZ,Arizona,Maricopa,$5.003
AZ,Arizona,Mohave,$4.005
AZ,Arizona,Navajo,$4.063
AZ,Arizona,Pima,$4.675
AZ,Arizona,Pinal,$4.535
AZ,Arizona,Santa Cruz,$4.372
AZ,Arizona,Yavapai,$4.261
AZ,Arizona,Yuma,$3.940
WA,Washington,Adams,$4.443
WA,Washington,Asotin,$4.019
WA,Washington,Benton,$4.426
WA,Washington,Chelan,$4.547
WA,Washington,Clallam,$4.490
WA,Washington,Clark,$4.581
WA,Washington,Columbia,$4.489
WA,Washington,Cowlitz,$4.645
WA,Washington,Douglas,$4.417
WA,Washington,Ferry,$4.573
WA,Washington,Franklin,$4.413
WA,Washington,Garfield,$4.399
WA,Washington,Grant,$4.567
WA,Washington,Grays Harbor,$4.656
WA,Washington,Island,$4.583
WA,Washington,Jefferson,$4.803
WA,Washington,King,$4.801
WA,Washington,Kitsap,$4.584
WA,Washington,Kittitas,$4.498
WA,Washington,Klickitat,$4.529
WA,Washington,Lewis,$4.717
WA,Washington,Lincoln,$4.427
WA,Washington,Mason,$4.655
WA,Washington,Okanogan,$4.564
WA,Washington,Pacific,$4.709
WA,Washington,Pend Oreille,$4.342
WA,Washington,Pierce,$4.618
WA,Washington,San Juan,$5.269
WA,Washington,Skagit,$4.402
WA,Washington,Skamania,$4.896
WA,Washington,Snohomish,$4.611
WA,Washington,Spokane,$4.331
WA,Washington,Stevens,$4.435
WA,Washington,Thurston,$4.613
WA,Washington,Wahkiakum,$4.974
WA,Washington,Walla Walla,$4.546
WA,Washington,Whatcom,$4.519
WA,Washington,Whitman,$4.416
WA,Washington,Yakima,$4.367
NV,Nevada,Carson City,$3.758
NV,Nevada,Churchill,$3.947
NV,Nevada,Clark,$4.247
NV,Nevada,Douglas,$3.942
NV,Nevada,Elko,$3.977
NV,Nevada,Esmeralda,
NV,Nevada,Eureka,$3.916
NV,Nevada,Humboldt,$3.994
NV,Nevada,Lander,$3.875
NV,Nevada,Lincoln,$4.124
NV,Nevada,Lyon,$3.856
NV,Nevada,Mineral,$4.707
NV,Nevada,Nye,$4.093
NV,Nevada,Pershing,$4.425
NV,Nevada,Storey,
NV,Nevada,Washoe,$4.391
NV,Nevada,White Pine,$4.073
OR,Oregon,Baker,$4.083
OR,Oregon,Benton,$3.902
OR,Oregon,Clackamas,$4.141
OR,Oregon,Clatsop,$4.243
OR,Oregon,Columbia,$4.326
OR,Oregon,Coos,$4.145
OR,Oregon,Crook,$4.205
OR,Oregon,Curry,$4.386
OR,Oregon,Deschutes,$4.139
OR,Oregon,Douglas,$3.998
OR,Oregon,Gilliam,$3.899
OR,Oregon,Grant,$4.052
OR,Oregon,Harney,$4.202
OR,Oregon,Hood River,$4.080
OR,Oregon,Jackson,$4.230
OR,Oregon,Jefferson,$3.925
OR,Oregon,Josephine,$4.341
OR,Oregon,Klamath,$4.034
OR,Oregon,Lake,$4.255
OR,Oregon,Lane,$4.013
OR,Oregon,Lincoln,$3.995
OR,Oregon,Linn,$3.881
OR,Oregon,Malheur,$4.114
OR,Oregon,Marion,$4.017
OR,Oregon,Morrow,$3.922
OR,Oregon,Multnomah,$4.297
OR,Oregon,Polk,$4.019
OR,Oregon,Sherman,$4.099
OR,Oregon,Tillamook,$4.162
OR,Oregon,Umatilla,$3.908
OR,Oregon,Union,$4.105
OR,Oregon,Wallowa,$4.424
OR,Oregon,Wasco,$4.039
OR,Oregon,Washington,$4.260
OR,Oregon,Wheeler,
OR,Oregon,Yamhill,$4.143
UT,Utah,Beaver,$4.081
UT,Utah,Box Elder,$4.015
UT,Utah,Cache,$4.094
UT,Utah,Carbon,$3.966
UT,Utah,Daggett,$3.999
UT,Utah,Davis,$4.099
UT,Utah,Duchesne,$4.011
UT,Utah,Emery,$3.941
UT,Utah,Garfield,$4.045
UT,Utah,Grand,$4.074
UT,Utah,Iron,$3.944
UT,Utah,Juab,$4.070
UT,Utah,Kane,$3.992
UT,Utah,Millard,$4.066
UT,Utah,Morgan,$3.994
UT,Utah,Piute,$4.099
UT,Utah,Rich,$3.999
UT,Utah,Salt Lake,$4.161
UT,Utah,San Juan,$3.998
UT,Utah,Sanpete,$4.053
UT,Utah,Sevier,$3.961
UT,Utah,Summit,$4.030
UT,Utah,Tooele,$4.137
UT,Utah,Uintah,$4.000
UT,Utah,Utah,$4.161
UT,Utah,Wasatch,$4.173
UT,Utah,Washington,$3.998
UT,Utah,Wayne,$4.030
UT,Utah,Weber,$4.089
AK,Alaska,Aleutians East,
AK,Alaska,Aleutians West,
AK,Alaska,Anchorage,$3.890
AK,Alaska,Bethel,
AK,Alaska,Bristol Bay,
AK,Alaska,Denali,$3.922
AK,Alaska,Dillingham,
AK,Alaska,Fairbanks North Star,$3.950
AK,Alaska,Haines,
AK,Alaska,Juneau,$3.990
AK,Alaska,Kenai Peninsula,$3.898
AK,Alaska,Ketchikan Gateway,$4.386
AK,Alaska,Kodiak Island,$4.679
AK,Alaska,Matanuska Susitna,$3.822
AK,Alaska,Nome,
AK,Alaska,North Slope,
AK,Alaska,Northwest Arctic,
AK,Alaska,Lake and Peninsula,
AK,Alaska,Prince Wales Ketchikan,$4.759
AK,Alaska,Sitka,$4.999
AK,Alaska,Skagway Hoonah Angoon,
AK,Alaska,Southeast Fairbanks,$4.056
AK,Alaska,Valdez Cordova,$4.576
AK,Alaska,Wade Hampton,
AK,Alaska,Wrangell Petersburg,$4.564
AK,Alaska,Yakutat,
AK,Alaska,Yukon Koyukuk,$4.499
IL,Illinois,Adams,$3.716
IL,Illinois,Alexander,$3.699
IL,Illinois,Bond,$3.590
IL,Illinois,Boone,$3.818
IL,Illinois,Brown,$3.582
IL,Illinois,Bureau,$3.806
IL,Illinois,Calhoun,$3.899
IL,Illinois,Carroll,$3.777
IL,Illinois,Cass,$3.727
IL,Illinois,Champaign,$3.726
IL,Illinois,Christian,$3.708
IL,Illinois,Clark,$3.529
IL,Illinois,Clay,$3.639
IL,Illinois,Clinton,$3.645
IL,Illinois,Coles,$3.601
IL,Illinois,Cook,$4.251
IL,Illinois,Crawford,$3.500
IL,Illinois,Cumberland,$3.632
IL,Illinois,Dewitt,$3.622
IL,Illinois,De Kalb,$3.812
IL,Illinois,Douglas,$3.520
IL,Illinois,Du Page,$4.023
IL,Illinois,Edgar,$3.724
IL,Illinois,Edwards,$3.599
IL,Illinois,Effingham,$3.501
IL,Illinois,Fayette,$3.764
IL,Illinois,Ford,$3.775
IL,Illinois,Franklin,$3.811
IL,Illinois,Fulton,$3.709
IL,Illinois,Gallatin,$3.699
IL,Illinois,Greene,$3.676
IL,Illinois,Grundy,$3.821
IL,Illinois,Hamilton,$3.554
IL,Illinois,Hancock,$3.816
IL,Illinois,Hardin,$3.699
IL,Illinois,Henderson,$3.769
IL,Illinois,Henry,$3.748
IL,Illinois,Iroquois,$3.612
IL,Illinois,Jackson,$3.819
IL,Illinois,Jasper,$3.726
IL,Illinois,Jefferson,$3.601
IL,Illinois,Jersey,$3.866
IL,Illinois,Jo Daviess,$3.784
IL,Illinois,Johnson,$3.749
IL,Illinois,Kane,$3.995
IL,Illinois,Kankakee,$3.749
IL,Illinois,Kendall,$3.900
IL,Illinois,Knox,$3.659
IL,Illinois,La Salle,$3.719
IL,Illinois,Lake,$3.959
IL,Illinois,Lawrence,$3.616
IL,Illinois,Lee,$3.618
IL,Illinois,Livingston,$3.598
IL,Illinois,Logan,$3.682
IL,Illinois,Macon,$3.355
IL,Illinois,Macoupin,$3.693
IL,Illinois,Madison,$3.695
IL,Illinois,Marion,$3.724
IL,Illinois,Marshall,$3.723
IL,Illinois,Mason,$3.763
IL,Illinois,Massac,$3.779
IL,Illinois,McDonough,$3.552
IL,Illinois,McHenry,$3.835
IL,Illinois,McLean,$3.601
IL,Illinois,Menard,$3.734
IL,Illinois,Mercer,$3.745
IL,Illinois,Monroe,$3.715
IL,Illinois,Montgomery,$3.671
IL,Illinois,Morgan,$3.520
IL,Illinois,Moultrie,$3.632
IL,Illinois,Ogle,$3.591
IL,Illinois,Peoria,$3.844
IL,Illinois,Perry,$3.959
IL,Illinois,Piatt,$3.690
IL,Illinois,Pike,$3.718
IL,Illinois,Pope,$3.674
IL,Illinois,Pulaski,$3.799
IL,Illinois,Putnam,$3.799
IL,Illinois,Randolph,$3.712
IL,Illinois,Richland,$3.712
IL,Illinois,Rock Island,$3.789
IL,Illinois,Saline,$3.526
IL,Illinois,Sangamon,$3.570
IL,Illinois,Schuyler,$3.473
IL,Illinois,Scott,$3.549
IL,Illinois,Shelby,$3.636
IL,Illinois,Saint Clair,$3.784
IL,Illinois,Stark,$3.766
IL,Illinois,Stephenson,$3.829
IL,Illinois,Tazewell,$3.557
IL,Illinois,Union,$3.799
IL,Illinois,Vermilion,$3.747
IL,Illinois,Wabash,$3.759
IL,Illinois,Warren,$3.799
IL,Illinois,Washington,$3.732
IL,Illinois,Wayne,$3.549
IL,Illinois,White,$3.499
IL,Illinois,Whiteside,$3.759
IL,Illinois,Will,$4.026
IL,Illinois,Williamson,$3.581
IL,Illinois,Winnebago,$3.751
IL,Illinois,Woodford,$3.636
ID,Idaho,Ada,$3.869
ID,Idaho,Adams,$3.944
ID,Idaho,Bannock,$3.585
ID,Idaho,Bear Lake,$3.715
ID,Idaho,Benewah,$3.758
ID,Idaho,Bingham,$3.540
ID,Idaho,Blaine,$3.943
ID,Idaho,Boise,$3.974
ID,Idaho,Bonner,$3.757
ID,Idaho,Bonneville,$3.483
ID,Idaho,Boundary,$3.713
ID,Idaho,Butte,$3.792
ID,Idaho,Camas,$4.049
ID,Idaho,Canyon,$3.878
ID,Idaho,Caribou,$3.636
ID,Idaho,Cassia,$3.701
ID,Idaho,Clark,$3.799
ID,Idaho,Clearwater,$3.755
ID,Idaho,Custer,$3.799
ID,Idaho,Elmore,$3.717
ID,Idaho,Franklin,$4.002
ID,Idaho,Fremont,$3.997
ID,Idaho,Gem,$3.892
ID,Idaho,Gooding,$3.794
ID,Idaho,Idaho,$3.855
ID,Idaho,Jefferson,$3.566
ID,Idaho,Jerome,$3.783
ID,Idaho,Kootenai,$3.607
ID,Idaho,Latah,$3.794
ID,Idaho,Lemhi,$3.609
ID,Idaho,Lewis,$3.721
ID,Idaho,Lincoln,$3.794
ID,Idaho,Madison,$3.607
ID,Idaho,Minidoka,$3.639
ID,Idaho,Nez perce,$3.595
ID,Idaho,Oneida,$3.755
ID,Idaho,Owyhee,$3.917
ID,Idaho,Payette,$3.892
ID,Idaho,Power,$3.462
ID,Idaho,Shoshone,$3.890
ID,Idaho,Teton,$3.645
ID,Idaho,Twin falls,$3.724
ID,Idaho,Valley,$4.019
ID,Idaho,Washington,$3.909
PA,Pennsylvania,Adams,$3.716
PA,Pennsylvania,Allegheny,$3.779
PA,Pennsylvania,Armstrong,$3.769
PA,Pennsylvania,Beaver,$3.789
PA,Pennsylvania,Bedford,$3.580
PA,Pennsylvania,Berks,$3.610
PA,Pennsylvania,Blair,$3.701
PA,Pennsylvania,Bradford,$3.693
PA,Pennsylvania,Bucks,$3.596
PA,Pennsylvania,Butler,$3.776
PA,Pennsylvania,Cambria,$3.707
PA,Pennsylvania,Cameron,$3.699
PA,Pennsylvania,Carbon,$3.561
PA,Pennsylvania,Centre,$3.672
PA,Pennsylvania,Chester,$3.618
PA,Pennsylvania,Clarion,$3.715
PA,Pennsylvania,Clearfield,$3.670
PA,Pennsylvania,Clinton,$3.694
PA,Pennsylvania,Columbia,$3.652
PA,Pennsylvania,Crawford,$3.684
PA,Pennsylvania,Cumberland,$3.608
PA,Pennsylvania,Dauphin,$3.631
PA,Pennsylvania,Delaware,$3.639
PA,Pennsylvania,Elk,$3.689
PA,Pennsylvania,Erie,$3.672
PA,Pennsylvania,Fayette,$3.761
PA,Pennsylvania,Forest,$3.772
PA,Pennsylvania,Franklin,$3.628
PA,Pennsylvania,Fulton,$3.677
PA,Pennsylvania,Greene,$3.786
PA,Pennsylvania,Huntingdon,$3.670
PA,Pennsylvania,Indiana,$3.762
PA,Pennsylvania,Jefferson,$3.627
PA,Pennsylvania,Juniata,$3.564
PA,Pennsylvania,Lackawanna,$3.701
PA,Pennsylvania,Lancaster,$3.575
PA,Pennsylvania,Lawrence,$3.609
PA,Pennsylvania,Lebanon,$3.636
PA,Pennsylvania,Lehigh,$3.608
PA,Pennsylvania,Luzerne,$3.676
PA,Pennsylvania,Lycoming,$3.643
PA,Pennsylvania,McKean,$3.692
PA,Pennsylvania,Mercer,$3.667
PA,Pennsylvania,Mifflin,$3.691
PA,Pennsylvania,Monroe,$3.604
PA,Pennsylvania,Montgomery,$3.629
PA,Pennsylvania,Montour,$3.623
PA,Pennsylvania,Northampton,$3.547
PA,Pennsylvania,Northumberland,$3.704
PA,Pennsylvania,Perry,$3.533
PA,Pennsylvania,Philadelphia,$3.629
PA,Pennsylvania,Pike,$3.724
PA,Pennsylvania,Potter,$3.763
PA,Pennsylvania,Schuylkill,$3.600
PA,Pennsylvania,Snyder,$3.625
PA,Pennsylvania,Somerset,$3.687
PA,Pennsylvania,Sullivan,$3.716
PA,Pennsylvania,Susquehanna,$3.704
PA,Pennsylvania,Tioga,$3.706
PA,Pennsylvania,Union,$3.559
PA,Pennsylvania,Venango,$3.697
PA,Pennsylvania,Warren,$3.704
PA,Pennsylvania,Washington,$3.786
PA,Pennsylvania,Wayne,$3.612
PA,Pennsylvania,Westmoreland,$3.770
PA,Pennsylvania,Wyoming,$3.579
PA,Pennsylvania,York,$3.712
NY,New York,Albany,$3.727
NY,New York,Allegany,$3.671
NY,New York,Bronx,$3.690
NY,New York,Broome,$3.717
NY,New York,Cattaraugus,$3.471
NY,New York,Cayuga,$3.657
NY,New York,Chautauqua,$3.629
NY,New York,Chemung,$3.663
NY,New York,Chenango,$3.670
NY,New York,Clinton,$3.637
NY,New York,Columbia,$3.642
NY,New York,Cortland,$3.744
NY,New York,Delaware,$3.741
NY,New York,Dutchess,$3.689
NY,New York,Erie,$3.690
NY,New York,Essex,$3.833
NY,New York,Franklin,$3.651
NY,New York,Fulton,$3.738
NY,New York,Genesee,$3.634
NY,New York,Greene,$3.703
NY,New York,Hamilton,$3.849
NY,New York,Herkimer,$3.610
NY,New York,Jefferson,$3.748
NY,New York,Kings,$3.652
NY,New York,Lewis,$3.800
NY,New York,Livingston,$3.694
NY,New York,Madison,$3.697
NY,New York,Monroe,$3.742
NY,New York,Montgomery,$3.700
NY,New York,Nassau,$3.559
NY,New York,New York,$3.964
NY,New York,Niagara,$3.626
NY,New York,Oneida,$3.695
NY,New York,Onondaga,$3.690
NY,New York,Ontario,$3.716
NY,New York,Orange,$3.610
NY,New York,Orleans,$3.760
NY,New York,Oswego,$3.675
NY,New York,Otsego,$3.716
NY,New York,Putnam,$3.716
NY,New York,Queens,$3.637
NY,New York,Rensselaer,$3.682
NY,New York,Richmond,$3.583
NY,New York,Rockland,$3.716
NY,New York,Saratoga,$3.665
NY,New York,Schenectady,$3.660
NY,New York,Schoharie,$3.645
NY,New York,Schuyler,$3.685
NY,New York,Seneca,$3.597
NY,New York,Saint Lawrence,$3.768
NY,New York,Steuben,$3.639
NY,New York,Suffolk,$3.548
NY,New York,Sullivan,$3.630
NY,New York,Tioga,$3.635
NY,New York,Tompkins,$3.698
NY,New York,Ulster,$3.623
NY,New York,Warren,$3.764
NY,New York,Washington,$3.742
NY,New York,Wayne,$3.699
NY,New York,Westchester,$3.745
NY,New York,Wyoming,$3.686
NY,New York,Yates,$3.612
OH,Ohio,Adams,$3.684
OH,Ohio,Allen,$3.513
OH,Ohio,Ashland,$3.552
OH,Ohio,Ashtabula,$3.472
OH,Ohio,Athens,$3.601
OH,Ohio,Auglaize,$3.513
OH,Ohio,Belmont,$3.480
OH,Ohio,Brown,$3.632
OH,Ohio,Butler,$3.614
OH,Ohio,Carroll,$3.680
OH,Ohio,Champaign,$3.514
OH,Ohio,Clark,$3.558
OH,Ohio,Clermont,$3.592
OH,Ohio,Clinton,$3.534
OH,Ohio,Columbiana,$3.564
OH,Ohio,Coshocton,$3.448
OH,Ohio,Crawford,$3.617
OH,Ohio,Cuyahoga,$3.537
OH,Ohio,Darke,$3.484
OH,Ohio,Defiance,$3.568
OH,Ohio,Delaware,$3.603
OH,Ohio,Erie,$3.621
OH,Ohio,Fairfield,$3.562
OH,Ohio,Fayette,$3.436
OH,Ohio,Franklin,$3.623
OH,Ohio,Fulton,$3.489
OH,Ohio,Gallia,$3.395
OH,Ohio,Geauga,$3.623
OH,Ohio,Greene,$3.533
OH,Ohio,Guernsey,$3.506
OH,Ohio,Hamilton,$3.596
OH,Ohio,Hancock,$3.547
OH,Ohio,Hardin,$3.255
OH,Ohio,Harrison,$3.613
OH,Ohio,Henry,$3.463
OH,Ohio,Highland,$3.552
OH,Ohio,Hocking,$3.536
OH,Ohio,Holmes,$3.600
OH,Ohio,Huron,$3.645
OH,Ohio,Jackson,$3.585
OH,Ohio,Jefferson,$3.550
OH,Ohio,Knox,$3.577
OH,Ohio,Lake,$3.497
OH,Ohio,Lawrence,$3.498
OH,Ohio,Licking,$3.596
OH,Ohio,Logan,$3.550
OH,Ohio,Lorain,$3.573
OH,Ohio,Lucas,$3.579
OH,Ohio,Madison,$3.588
OH,Ohio,Mahoning,$3.479
OH,Ohio,Marion,$3.614
OH,Ohio,Medina,$3.567
OH,Ohio,Meigs,$3.315
OH,Ohio,Mercer,$3.311
OH,Ohio,Miami,$3.589
OH,Ohio,Monroe,$3.472
OH,Ohio,Montgomery,$3.541
OH,Ohio,Morgan,$3.507
OH,Ohio,Morrow,$3.367
OH,Ohio,Muskingum,$3.582
OH,Ohio,Noble,$3.499
OH,Ohio,Ottawa,$3.650
OH,Ohio,Paulding,$3.563
OH,Ohio,Perry,$3.569
OH,Ohio,Pickaway,$3.486
OH,Ohio,Pike,$3.607
OH,Ohio,Portage,$3.504
OH,Ohio,Preble,$3.401
OH,Ohio,Putnam,$3.474
OH,Ohio,Richland,$3.616
OH,Ohio,Ross,$3.583
OH,Ohio,Sandusky,$3.588
OH,Ohio,Scioto,$3.480
OH,Ohio,Seneca,$3.589
OH,Ohio,Shelby,$3.512
OH,Ohio,Stark,$3.598
OH,Ohio,Summit,$3.626
OH,Ohio,Trumbull,$3.530
OH,Ohio,Tuscarawas,$3.625
OH,Ohio,Union,$3.558
OH,Ohio,Van Wert,$3.338
OH,Ohio,Vinton,$3.545
OH,Ohio,Warren,$3.528
OH,Ohio,Washington,$3.504
OH,Ohio,Wayne,$3.538
OH,Ohio,Williams,$3.582
OH,Ohio,Wood,$3.552
OH,Ohio,Wyandot,$3.451
IN,Indiana,Adams,$3.319
IN,Indiana,Allen,$3.526
IN,Indiana,Bartholomew,$3.608
IN,Indiana,Benton,$3.662
IN,Indiana,Blackford,$3.553
IN,Indiana,Boone,$3.461
IN,Indiana,Brown,$3.645
IN,Indiana,Carroll,$3.677
IN,Indiana,Cass,$3.669
IN,Indiana,Clark,$3.538
IN,Indiana,Clay,$3.577
IN,Indiana,Clinton,$3.618
IN,Indiana,Crawford,$3.472
IN,Indiana,Daviess,$3.403
IN,Indiana,De Kalb,$3.641
IN,Indiana,Dearborn,$3.537
IN,Indiana,Decatur,$3.502
IN,Indiana,Delaware,$3.524
IN,Indiana,Dubois,$3.384
IN,Indiana,Elkhart,$3.459
IN,Indiana,Fayette,$3.699
IN,Indiana,Floyd,$3.593
IN,Indiana,Fountain,$3.509
IN,Indiana,Franklin,$3.549
IN,Indiana,Fulton,$3.495
IN,Indiana,Gibson,$3.427
IN,Indiana,Grant,$3.571
IN,Indiana,Greene,$3.364
IN,Indiana,Hamilton,$3.613
IN,Indiana,Hancock,$3.585
IN,Indiana,Harrison,$3.465
IN,Indiana,Hendricks,$3.608
IN,Indiana,Henry,$3.470
IN,Indiana,Howard,$3.578
IN,Indiana,Huntington,$3.576
IN,Indiana,Jackson,$3.548
IN,Indiana,Jasper,$3.617
IN,Indiana,Jay,$3.410
IN,Indiana,Jefferson,$3.625
IN,Indiana,Jennings,$3.441
IN,Indiana,Johnson,$3.568
IN,Indiana,Knox,$3.355
IN,Indiana,Kosciusko,$3.626
IN,Indiana,La Porte,$3.745
IN,Indiana,Lagrange,$3.611
IN,Indiana,Lake,$3.732
IN,Indiana,Lawrence,$3.359
IN,Indiana,Madison,$3.547
IN,Indiana,Marion,$3.559
IN,Indiana,Marshall,$3.586
IN,Indiana,Martin,$3.367
IN,Indiana,Miami,$3.510
IN,Indiana,Monroe,$3.679
IN,Indiana,Montgomery,$3.582
IN,Indiana,Morgan,$3.567
IN,Indiana,Newton,$3.444
IN,Indiana,Noble,$3.578
IN,Indiana,Ohio,$3.599
IN,Indiana,Orange,$3.292
IN,Indiana,Owen,$3.665
IN,Indiana,Parke,$3.639
IN,Indiana,Perry,$3.313
IN,Indiana,Pike,$3.472
IN,Indiana,Porter,$3.787
IN,Indiana,Posey,$3.341
IN,Indiana,Pulaski,$3.655
IN,Indiana,Putnam,$3.674
IN,Indiana,Randolph,$3.458
IN,Indiana,Ripley,$3.535
IN,Indiana,Rush,$3.617
IN,Indiana,Scott,$3.297
IN,Indiana,Shelby,$3.619
IN,Indiana,Spencer,$3.499
IN,Indiana,Saint Joseph,
IN,Indiana,Starke,$3.637
IN,Indiana,Steuben,$3.583
IN,Indiana,Sullivan,$3.564
IN,Indiana,Switzerland,$3.349
IN,Indiana,Tippecanoe,$3.662
IN,Indiana,Tipton,$3.609
IN,Indiana,Union,$3.499
IN,Indiana,Vanderburgh,$3.282
IN,Indiana,Vermillion,$3.547
IN,Indiana,Vigo,$3.504
IN,Indiana,Wabash,$3.643
IN,Indiana,Warren,$3.694
IN,Indiana,Warrick,$3.277
IN,Indiana,Washington,$3.355
IN,Indiana,Wayne,$3.576
IN,Indiana,Wells,$3.240
IN,Indiana,White,$3.590
IN,Indiana,Whitley,$3.603
CT,Connecticut,Fairfield,$3.595
CT,Connecticut,Hartford,$3.463
CT,Connecticut,Litchfield,$3.522
CT,Connecticut,Middlesex,$3.521
CT,Connecticut,New Haven,$3.518
CT,Connecticut,New London,$3.497
CT,Connecticut,Tolland,$3.512
CT,Connecticut,Windham,$3.554
MT,Montana,Beaverhead,$3.593
MT,Montana,Big Horn,$3.558
MT,Montana,Blaine,$3.472
MT,Montana,Broadwater,$3.444
MT,Montana,Carbon,$3.509
MT,Montana,Carter,$3.704
MT,Montana,Cascade,$3.501
MT,Montana,Chouteau,$3.527
MT,Montana,Custer,$3.466
MT,Montana,Daniels,$3.729
MT,Montana,Dawson,$3.368
MT,Montana,Deer Lodge,$3.497
MT,Montana,Fallon,$3.454
MT,Montana,Fergus,$3.540
MT,Montana,Flathead,$3.503
MT,Montana,Gallatin,$3.559
MT,Montana,Garfield,$3.619
MT,Montana,Glacier,$3.542
MT,Montana,Golden Valley,$3.544
MT,Montana,Granite,$3.497
MT,Montana,Hill,$3.510
MT,Montana,Jefferson,$3.561
MT,Montana,Judith Basin,$3.679
MT,Montana,Lake,$3.485
MT,Montana,Lewis and Clark,$3.510
MT,Montana,Liberty,$3.516
MT,Montana,Lincoln,$3.460
MT,Montana,Madison,$3.531
MT,Montana,McCone,$3.642
MT,Montana,Meagher,$3.469
MT,Montana,Mineral,$3.579
MT,Montana,Missoula,$3.507
MT,Montana,Musselshell,$3.569
MT,Montana,Park,$3.583
MT,Montana,Petroleum,$3.499
MT,Montana,Phillips,$3.499
MT,Montana,Pondera,$3.514
MT,Montana,Powder River,$3.604
MT,Montana,Powell,$3.497
MT,Montana,Prairie,$3.394
MT,Montana,Ravalli,$3.519
MT,Montana,Richland,$3.317
MT,Montana,Roosevelt,$3.515
MT,Montana,Rosebud,$3.567
MT,Montana,Sanders,$3.454
MT,Montana,Sheridan,$3.519
MT,Montana,Silver Bow,$3.495
MT,Montana,Stillwater,$3.512
MT,Montana,Sweet Grass,$3.442
MT,Montana,Teton,$3.479
MT,Montana,Toole,$3.499
MT,Montana,Treasure,$3.499
MT,Montana,Valley,$3.521
MT,Montana,Wheatland,$3.596
MT,Montana,Wibaux,$3.439
MT,Montana,Yellowstone,$3.496
MI,Michigan,Alcona,$3.382
MI,Michigan,Alger,$3.639
MI,Michigan,Allegan,$3.577
MI,Michigan,Alpena,$3.628
MI,Michigan,Antrim,$3.597
MI,Michigan,Arenac,$3.589
MI,Michigan,Baraga,$3.293
MI,Michigan,Barry,$3.577
MI,Michigan,Bay,$3.601
MI,Michigan,Benzie,$3.414
MI,Michigan,Berrien,$3.431
MI,Michigan,Branch,$3.525
MI,Michigan,Calhoun,$3.534
MI,Michigan,Cass,$3.453
MI,Michigan,Charlevoix,$3.585
MI,Michigan,Cheboygan,$3.596
MI,Michigan,Chippewa,$3.649
MI,Michigan,Clare,$3.490
MI,Michigan,Clinton,$3.391
MI,Michigan,Crawford,$3.670
MI,Michigan,Delta,$3.434
MI,Michigan,Dickinson,$3.532
MI,Michigan,Eaton,$3.491
MI,Michigan,Emmet,$3.546
MI,Michigan,Genesee,$3.569
MI,Michigan,Gladwin,$3.178
MI,Michigan,Gogebic,$3.567
MI,Michigan,Grand Traverse,$3.649
MI,Michigan,Gratiot,$3.421
MI,Michigan,Hillsdale,$3.577
MI,Michigan,Houghton,$3.470
MI,Michigan,Huron,$3.377
MI,Michigan,Ingham,$3.621
MI,Michigan,Ionia,$3.612
MI,Michigan,Iosco,$3.488
MI,Michigan,Iron,$3.468
MI,Michigan,Isabella,$3.573
MI,Michigan,Jackson,$3.641
MI,Michigan,Kalamazoo,$3.524
MI,Michigan,Kalkaska,$3.543
MI,Michigan,Kent,$3.506
MI,Michigan,Keweenaw,$3.499
MI,Michigan,Lake,$3.319
MI,Michigan,Lapeer,$3.565
MI,Michigan,Leelanau,$3.676
MI,Michigan,Lenawee,$3.572
MI,Michigan,Livingston,$3.648
MI,Michigan,Luce,$3.609
MI,Michigan,Mackinac,$3.659
MI,Michigan,Macomb,$3.523
MI,Michigan,Manistee,$3.295
MI,Michigan,Marquette,$3.577
MI,Michigan,Mason,$3.153
MI,Michigan,Mecosta,$3.384
MI,Michigan,Menominee,$3.457
MI,Michigan,Midland,$3.653
MI,Michigan,Missaukee,$3.279
MI,Michigan,Monroe,$3.533
MI,Michigan,Montcalm,$3.428
MI,Michigan,Montmorency,$3.367
MI,Michigan,Muskegon,$3.601
MI,Michigan,Newaygo,$3.232
MI,Michigan,Oakland,$3.570
MI,Michigan,Oceana,$3.437
MI,Michigan,Ogemaw,$3.526
MI,Michigan,Ontonagon,$3.484
MI,Michigan,Osceola,$3.453
MI,Michigan,Oscoda,$3.399
MI,Michigan,Otsego,$3.278
MI,Michigan,Ottawa,$3.544
MI,Michigan,Presque Isle,$3.586
MI,Michigan,Roscommon,$3.320
MI,Michigan,Saginaw,$3.506
MI,Michigan,Sanilac,$3.500
MI,Michigan,Schoolcraft,$3.561
MI,Michigan,Shiawassee,$3.610
MI,Michigan,Saint Clair,$3.381
MI,Michigan,Saint Joseph,$3.433
MI,Michigan,Tuscola,$3.429
MI,Michigan,Van Buren,$3.535
MI,Michigan,Washtenaw,$3.570
MI,Michigan,Wayne,$3.411
MI,Michigan,Wexford,$3.147
VT,Vermont,Addison,$3.454
VT,Vermont,Bennington,$3.476
VT,Vermont,Caledonia,$3.448
VT,Vermont,Chittenden,$3.488
VT,Vermont,Essex,$3.619
VT,Vermont,Franklin,$3.491
VT,Vermont,Grand Isle,$3.474
VT,Vermont,Lamoille,$3.508
VT,Vermont,Orange,$3.522
VT,Vermont,Orleans,$3.511
VT,Vermont,Rutland,$3.450
VT,Vermont,Washington,$3.552
VT,Vermont,Windham,$3.463
VT,Vermont,Windsor,$3.461
FL,Florida,Alachua,$3.493
FL,Florida,Baker,$3.326
FL,Florida,Bay,$3.133
FL,Florida,Bradford,$3.389
FL,Florida,Brevard,$3.407
FL,Florida,Broward,$3.517
FL,Florida,Calhoun,$3.399
FL,Florida,Charlotte,$3.402
FL,Florida,Citrus,$3.464
FL,Florida,Clay,$3.404
FL,Florida,Collier,$3.599
FL,Florida,Columbia,$3.456
FL,Florida,De Soto,$3.675
FL,Florida,Dixie,$3.431
FL,Florida,Duval,$3.366
FL,Florida,Escambia,$3.194
FL,Florida,Flagler,$3.522
FL,Florida,Franklin,$3.493
FL,Florida,Gadsden,$3.323
FL,Florida,Gilchrist,$3.284
FL,Florida,Glades,$3.579
FL,Florida,Gulf,$3.312
FL,Florida,Hamilton,$3.392
FL,Florida,Hardee,$3.573
FL,Florida,Hendry,$3.676
FL,Florida,Hernando,$3.402
FL,Florida,Highlands,$3.492
FL,Florida,Hillsborough,$3.452
FL,Florida,Holmes,$3.327
FL,Florida,Indian River,$3.477
FL,Florida,Jackson,$3.244
FL,Florida,Jefferson,$3.520
FL,Florida,Lafayette,$3.439
FL,Florida,Lake,$3.393
FL,Florida,Lee,$3.475
FL,Florida,Leon,$3.327
FL,Florida,Levy,$3.482
FL,Florida,Liberty,$3.456
FL,Florida,Madison,$3.406
FL,Florida,Manatee,$3.474
FL,Florida,Marion,$3.435
FL,Florida,Martin,$3.608
FL,Florida,Miami-Dade,$3.556
FL,Florida,Monroe,$3.601
FL,Florida,Nassau,$3.496
FL,Florida,Okaloosa,$3.151
FL,Florida,Okeechobee,$3.399
FL,Florida,Orange,$3.471
FL,Florida,Osceola,$3.390
FL,Florida,Palm Beach,$3.689
FL,Florida,Pasco,$3.427
FL,Florida,Pinellas,$3.417
FL,Florida,Polk,$3.512
FL,Florida,Putnam,$3.417
FL,Florida,Santa Rosa,$3.206
FL,Florida,Sarasota,$3.551
FL,Florida,Seminole,$3.405
FL,Florida,Saint Johns,$3.416
FL,Florida,Saint Lucie,$3.447
FL,Florida,Sumter,$3.408
FL,Florida,Suwannee,$3.462
FL,Florida,Taylor,$3.420
FL,Florida,Union,$3.511
FL,Florida,Volusia,$3.448
FL,Florida,Wakulla,$3.358
FL,Florida,Walton,$3.223
FL,Florida,Washington,$3.427
MN,Minnesota,Aitkin,$3.442
MN,Minnesota,Anoka,$3.421
MN,Minnesota,Becker,$3.510
MN,Minnesota,Beltrami,$3.415
MN,Minnesota,Benton,$3.397
MN,Minnesota,Big Stone,$3.532
MN,Minnesota,Blue Earth,$3.497
MN,Minnesota,Brown,$3.479
MN,Minnesota,Carlton,$3.406
MN,Minnesota,Carver,$3.512
MN,Minnesota,Cass,$3.364
MN,Minnesota,Chippewa,$3.447
MN,Minnesota,Chisago,$3.459
MN,Minnesota,Clay,$3.479
MN,Minnesota,Clearwater,$3.377
MN,Minnesota,Cook,$3.480
MN,Minnesota,Cottonwood,$3.455
MN,Minnesota,Crow Wing,$3.447
MN,Minnesota,Dakota,$3.480
MN,Minnesota,Dodge,$3.492
MN,Minnesota,Douglas,$3.414
MN,Minnesota,Faribault,$3.507
MN,Minnesota,Fillmore,$3.450
MN,Minnesota,Freeborn,$3.401
MN,Minnesota,Goodhue,$3.427
MN,Minnesota,Grant,$3.456
MN,Minnesota,Hennepin,$3.511
MN,Minnesota,Houston,$3.437
MN,Minnesota,Hubbard,$3.407
MN,Minnesota,Isanti,$3.415
MN,Minnesota,Itasca,$3.504
MN,Minnesota,Jackson,$3.407
MN,Minnesota,Kanabec,$3.413
MN,Minnesota,Kandiyohi,$3.489
MN,Minnesota,Kittson,$3.287
MN,Minnesota,Koochiching,$3.463
MN,Minnesota,Lac Qui Parle,$3.399
MN,Minnesota,Lake,$3.558
MN,Minnesota,Lake of the Woods,$3.499
MN,Minnesota,Le Sueur,$3.537
MN,Minnesota,Lincoln,$3.396
MN,Minnesota,Lyon,$3.472
MN,Minnesota,Mahnomen,$3.449
MN,Minnesota,Marshall,$3.317
MN,Minnesota,Martin,$3.534
MN,Minnesota,McLeod,$3.416
MN,Minnesota,Meeker,$3.462
MN,Minnesota,Mille Lacs,$3.430
MN,Minnesota,Morrison,$3.401
MN,Minnesota,Mower,$3.466
MN,Minnesota,Murray,$3.339
MN,Minnesota,Nicollet,$3.477
MN,Minnesota,Nobles,$3.364
MN,Minnesota,Norman,$3.409
MN,Minnesota,Olmsted,$3.481
MN,Minnesota,Otter Tail,$3.465
MN,Minnesota,Pennington,$3.363
MN,Minnesota,Pine,$3.517
MN,Minnesota,Pipestone,$3.365
MN,Minnesota,Polk,$3.295
MN,Minnesota,Pope,$3.370
MN,Minnesota,Ramsey,$3.492
MN,Minnesota,Red Lake,$3.349
MN,Minnesota,Redwood,$3.389
MN,Minnesota,Renville,$3.368
MN,Minnesota,Rice,$3.452
MN,Minnesota,Rock,$3.416
MN,Minnesota,Roseau,$3.363
MN,Minnesota,Scott,$3.488
MN,Minnesota,Sherburne,$3.471
MN,Minnesota,Sibley,$3.323
MN,Minnesota,Saint Louis,$3.519
MN,Minnesota,Stearns,$3.360
MN,Minnesota,Steele,$3.420
MN,Minnesota,Stevens,$3.379
MN,Minnesota,Swift,$3.455
MN,Minnesota,Todd,$3.438
MN,Minnesota,Traverse,$3.432
MN,Minnesota,Wabasha,$3.445
MN,Minnesota,Wadena,$3.543
MN,Minnesota,Waseca,$3.443
MN,Minnesota,Washington,$3.450
MN,Minnesota,Watonwan,$3.334
MN,Minnesota,Wilkin,$3.329
MN,Minnesota,Winona,$3.422
MN,Minnesota,Wright,$3.429
MN,Minnesota,Yellow Medicine,$3.474
NM,New Mexico,Bernalillo,$3.363
NM,New Mexico,Catron,$4.065
NM,New Mexico,Chaves,$3.317
NM,New Mexico,Cibola,$3.465
NM,New Mexico,Colfax,$3.577
NM,New Mexico,Curry,$3.312
NM,New Mexico,De Baca,$3.359
NM,New Mexico,Dona Ana,$3.351
NM,New Mexico,Eddy,$3.335
NM,New Mexico,Grant,$3.885
NM,New Mexico,Guadalupe,$3.515
NM,New Mexico,Harding,
NM,New Mexico,Hidalgo,$3.628
NM,New Mexico,Lea,$3.296
NM,New Mexico,Lincoln,$3.512
NM,New Mexico,Los Alamos,$3.649
NM,New Mexico,Luna,$3.588
NM,New Mexico,McKinley,$3.515
NM,New Mexico,Mora,$3.492
NM,New Mexico,Otero,$3.336
NM,New Mexico,Quay,$3.312
NM,New Mexico,Rio Arriba,$3.424
NM,New Mexico,Roosevelt,$3.315
NM,New Mexico,San Juan,$3.819
NM,New Mexico,San Miguel,$3.531
NM,New Mexico,Sandoval,$3.401
NM,New Mexico,Santa Fe,$3.447
NM,New Mexico,Sierra,$3.872
NM,New Mexico,Socorro,$3.649
NM,New Mexico,Taos,$3.521
NM,New Mexico,Torrance,$3.545
NM,New Mexico,Union,$3.247
NM,New Mexico,Valencia,$3.329
MD,Maryland,Allegany,$3.375
MD,Maryland,Anne Arundel,$3.445
MD,Maryland,Baltimore City,$3.450
MD,Maryland,Baltimore,$3.448
MD,Maryland,Calvert,$3.424
MD,Maryland,Cecil,$3.422
MD,Maryland,Charles,$3.409
MD,Maryland,Carroll,$3.399
MD,Maryland,Caroline,$3.419
MD,Maryland,Dorchester,$3.427
MD,Maryland,Frederick,$3.378
MD,Maryland,Garrett,$3.445
MD,Maryland,Harford,$3.437
MD,Maryland,Howard,$3.494
MD,Maryland,Kent,$3.408
MD,Maryland,Montgomery,$3.569
MD,Maryland,Prince Georges,$3.466
MD,Maryland,Queen Annes,$3.386
MD,Maryland,Saint Marys,$3.407
MD,Maryland,Somerset,$3.459
MD,Maryland,Talbot,$3.411
MD,Maryland,Washington,$3.379
MD,Maryland,Wicomico,$3.442
MD,Maryland,Worcester,$3.422
ME,Maine,Androscoggin,$3.467
ME,Maine,Aroostook,$3.445
ME,Maine,Cumberland,$3.484
ME,Maine,Franklin,$3.409
ME,Maine,Hancock,$3.502
ME,Maine,Kennebec,$3.452
ME,Maine,Knox,$3.423
ME,Maine,Lincoln,$3.428
ME,Maine,Oxford,$3.366
ME,Maine,Penobscot,$3.460
ME,Maine,Piscataquis,$3.381
ME,Maine,Sagadahoc,$3.531
ME,Maine,Somerset,$3.390
ME,Maine,Waldo,$3.376
ME,Maine,Washington,$3.516
ME,Maine,York,$3.389
SD,South Dakota,Aurora,$3.199
SD,South Dakota,Beadle,$3.348
SD,South Dakota,Bennett,$3.579
SD,South Dakota,Bon Homme,$3.444
SD,South Dakota,Brookings,$3.426
SD,South Dakota,Brown,$3.345
SD,South Dakota,Brule,$3.341
SD,South Dakota,Buffalo,$3.499
SD,South Dakota,Butte,$3.560
SD,South Dakota,Campbell,$3.239
SD,South Dakota,Charles Mix,$3.329
SD,South Dakota,Clark,$3.639
SD,South Dakota,Clay,$3.341
SD,South Dakota,Codington,$3.601
SD,South Dakota,Corson,$3.989
SD,South Dakota,Custer,$3.700
SD,South Dakota,Davison,$3.186
SD,South Dakota,Day,$3.399
SD,South Dakota,Deuel,$3.724
SD,South Dakota,Dewey,$3.749
SD,South Dakota,Douglas,$3.549
SD,South Dakota,Edmunds,$3.351
SD,South Dakota,Fall River,$3.507
SD,South Dakota,Faulk,$3.706
SD,South Dakota,Grant,$3.455
SD,South Dakota,Gregory,$3.431
SD,South Dakota,Haakon,$3.507
SD,South Dakota,Hamlin,$3.353
SD,South Dakota,Hand,$3.369
SD,South Dakota,Hanson,$3.229
SD,South Dakota,Harding,$3.429
SD,South Dakota,Hughes,$3.502
SD,South Dakota,Hutchinson,$3.328
SD,South Dakota,Hyde,$3.466
SD,South Dakota,Jackson,$3.557
SD,South Dakota,Jerauld,$3.189
SD,South Dakota,Jones,$3.399
SD,South Dakota,Kingsbury,$3.519
SD,South Dakota,Lake,$3.275
SD,South Dakota,Lawrence,$3.537
SD,South Dakota,Lincoln,$3.385
SD,South Dakota,Lyman,$3.652
SD,South Dakota,Marshall,$3.484
SD,South Dakota,McCook,$3.234
SD,South Dakota,McPherson,$3.299
SD,South Dakota,Meade,$3.610
SD,South Dakota,Mellette,$3.719
SD,South Dakota,Miner,$3.359
SD,South Dakota,Minnehaha,$3.334
SD,South Dakota,Moody,$3.377
SD,South Dakota,Pennington,$3.540
SD,South Dakota,Perkins,$3.384
SD,South Dakota,Potter,$3.762
SD,South Dakota,Roberts,$3.485
SD,South Dakota,Sanborn,$3.484
SD,South Dakota,Shannon,$3.604
SD,South Dakota,Spink,$3.363
SD,South Dakota,Stanley,$3.555
SD,South Dakota,Sully,$3.899
SD,South Dakota,Todd,$3.539
SD,South Dakota,Tripp,$3.429
SD,South Dakota,Turner,$3.366
SD,South Dakota,Union,$3.508
SD,South Dakota,Walworth,$3.449
SD,South Dakota,Yankton,$3.443
SD,South Dakota,Ziebach,$3.789
MA,Massachusetts,Barnstable,$3.506
MA,Massachusetts,Berkshire,$3.415
MA,Massachusetts,Bristol,$3.346
MA,Massachusetts,Dukes,$4.450
MA,Massachusetts,Essex,$3.436
MA,Massachusetts,Franklin,$3.378
MA,Massachusetts,Hampden,$3.344
MA,Massachusetts,Hampshire,$3.425
MA,Massachusetts,Middlesex,$3.503
MA,Massachusetts,Nantucket,$4.619
MA,Massachusetts,Norfolk,$3.467
MA,Massachusetts,Plymouth,$3.371
MA,Massachusetts,Suffolk,$3.591
MA,Massachusetts,Worcester,$3.404
DE,Delaware,Kent,$3.426
DE,Delaware,New castle,$3.415
DE,Delaware,Sussex,$3.419
RI,Rhode Island,Bristol,$3.373
RI,Rhode Island,Kent,$3.380
RI,Rhode Island,Newport,$3.406
RI,Rhode Island,Providence,$3.426
RI,Rhode Island,Washington,$3.445
WV,West Virginia,Barbour,$3.325
WV,West Virginia,Berkeley,$3.435
WV,West Virginia,Boone,$3.394
WV,West Virginia,Braxton,$3.367
WV,West Virginia,Brooke,$3.319
WV,West Virginia,Cabell,$3.439
WV,West Virginia,Calhoun,$3.477
WV,West Virginia,Clay,$3.454
WV,West Virginia,Doddridge,$3.486
WV,West Virginia,Fayette,$3.461
WV,West Virginia,Gilmer,$3.449
WV,West Virginia,Grant,$3.499
WV,West Virginia,Greenbrier,$3.126
WV,West Virginia,Hampshire,$3.535
WV,West Virginia,Hancock,$3.363
WV,West Virginia,Hardy,$3.510
WV,West Virginia,Harrison,$3.389
WV,West Virginia,Jackson,$3.406
WV,West Virginia,Jefferson,$3.417
WV,West Virginia,Kanawha,$3.467
WV,West Virginia,Lewis,$3.192
WV,West Virginia,Lincoln,$3.470
WV,West Virginia,Logan,$3.486
WV,West Virginia,Marion,$3.478
WV,West Virginia,Marshall,$3.163
WV,West Virginia,Mason,$3.425
WV,West Virginia,McDowell,$3.471
WV,West Virginia,Mercer,$3.362
WV,West Virginia,Mineral,$3.389
WV,West Virginia,Mingo,$3.478
WV,West Virginia,Monongalia,$3.325
WV,West Virginia,Monroe,$3.429
WV,West Virginia,Morgan,$3.305
WV,West Virginia,Nicholas,$3.556
WV,West Virginia,Ohio,$3.372
WV,West Virginia,Pendleton,$3.599
WV,West Virginia,Pleasants,$3.399
WV,West Virginia,Pocahontas,$3.370
WV,West Virginia,Preston,$3.424
WV,West Virginia,Putnam,$3.469
WV,West Virginia,Raleigh,$3.545
WV,West Virginia,Randolph,$3.165
WV,West Virginia,Ritchie,$3.461
WV,West Virginia,Roane,$3.459
WV,West Virginia,Summers,$3.384
WV,West Virginia,Taylor,$3.501
WV,West Virginia,Tucker,$3.493
WV,West Virginia,Tyler,$3.409
WV,West Virginia,Upshur,$3.501
WV,West Virginia,Wayne,$3.346
WV,West Virginia,Webster,$3.374
WV,West Virginia,Wetzel,$3.494
WV,West Virginia,Wirt,$3.249
WV,West Virginia,Wood,$3.302
WV,West Virginia,Wyoming,$3.549
NJ,New Jersey,Atlantic,$3.371
NJ,New Jersey,Bergen,$3.383
NJ,New Jersey,Burlington,$3.340
NJ,New Jersey,Camden,$3.323
NJ,New Jersey,Cape May,$3.445
NJ,New Jersey,Cumberland,$3.393
NJ,New Jersey,Essex,$3.490
NJ,New Jersey,Gloucester,$3.372
NJ,New Jersey,Hudson,$3.425
NJ,New Jersey,Hunterdon,$3.412
NJ,New Jersey,Mercer,$3.446
NJ,New Jersey,Middlesex,$3.422
NJ,New Jersey,Monmouth,$3.463
NJ,New Jersey,Morris,$3.412
NJ,New Jersey,Ocean,$3.453
NJ,New Jersey,Passaic,$3.346
NJ,New Jersey,Salem,$3.420
NJ,New Jersey,Somerset,$3.503
NJ,New Jersey,Sussex,$3.325
NJ,New Jersey,Union,$3.421
NJ,New Jersey,Warren,$3.336
WI,Wisconsin,Adams,$3.451
WI,Wisconsin,Ashland,$3.503
WI,Wisconsin,Barron,$3.439
WI,Wisconsin,Bayfield,$3.415
WI,Wisconsin,Brown,$3.380
WI,Wisconsin,Buffalo,$3.359
WI,Wisconsin,Burnett,$3.379
WI,Wisconsin,Calumet,$3.361
WI,Wisconsin,Chippewa,$3.371
WI,Wisconsin,Clark,$3.325
WI,Wisconsin,Columbia,$3.318
WI,Wisconsin,Crawford,$3.428
WI,Wisconsin,Dane,$3.367
WI,Wisconsin,Dodge,$3.343
WI,Wisconsin,Door,$3.218
WI,Wisconsin,Douglas,$3.404
WI,Wisconsin,Dunn,$3.332
WI,Wisconsin,Eau Claire,$3.369
WI,Wisconsin,Florence,$3.439
WI,Wisconsin,Fond du Lac,$3.311
WI,Wisconsin,Forest,$3.347
WI,Wisconsin,Grant,$3.422
WI,Wisconsin,Green,$3.400
WI,Wisconsin,Green Lake,$3.388
WI,Wisconsin,Iowa,$3.415
WI,Wisconsin,Iron,$3.470
WI,Wisconsin,Jackson,$3.312
WI,Wisconsin,Jefferson,$3.375
WI,Wisconsin,Juneau,$3.381
WI,Wisconsin,Kenosha,$3.503
WI,Wisconsin,Kewaunee,$3.265
WI,Wisconsin,La Crosse,$3.437
WI,Wisconsin,Lafayette,$3.470
WI,Wisconsin,Langlade,$3.427
WI,Wisconsin,Lincoln,$3.336
WI,Wisconsin,Manitowoc,$3.367
WI,Wisconsin,Marathon,$3.322
WI,Wisconsin,Marinette,$3.375
WI,Wisconsin,Marquette,$3.399
WI,Wisconsin,Menominee,$3.289
WI,Wisconsin,Milwaukee,$3.429
WI,Wisconsin,Monroe,$3.415
WI,Wisconsin,Oconto,$3.358
WI,Wisconsin,Oneida,$3.409
WI,Wisconsin,Outagamie,$3.313
WI,Wisconsin,Ozaukee,$3.502
WI,Wisconsin,Pepin,$3.347
WI,Wisconsin,Pierce,$3.438
WI,Wisconsin,Polk,$3.401
WI,Wisconsin,Portage,$3.288
WI,Wisconsin,Price,$3.414
WI,Wisconsin,Racine,$3.480
WI,Wisconsin,Richland,$3.379
WI,Wisconsin,Rock,$3.304
WI,Wisconsin,Rusk,$3.410
WI,Wisconsin,Sauk,$3.317
WI,Wisconsin,Sawyer,$3.479
WI,Wisconsin,Shawano,$3.365
WI,Wisconsin,Sheboygan,$3.331
WI,Wisconsin,Saint Croix,$3.472
WI,Wisconsin,Taylor,$3.316
WI,Wisconsin,Trempealeau,$3.337
WI,Wisconsin,Vernon,$3.408
WI,Wisconsin,Vilas,$3.438
WI,Wisconsin,Walworth,$3.293
WI,Wisconsin,Washburn,$3.379
WI,Wisconsin,Washington,$3.505
WI,Wisconsin,Waukesha,$3.462
WI,Wisconsin,Waupaca,$3.316
WI,Wisconsin,Waushara,$3.370
WI,Wisconsin,Winnebago,$3.324
WI,Wisconsin,Wood,$3.323
WY,Wyoming,Albany,$3.196
WY,Wyoming,Big Horn,$3.583
WY,Wyoming,Campbell,$3.207
WY,Wyoming,Carbon,$3.503
WY,Wyoming,Converse,$3.353
WY,Wyoming,Crook,$3.343
WY,Wyoming,Fremont,$3.446
WY,Wyoming,Goshen,$3.316
WY,Wyoming,Hot Springs,$3.479
WY,Wyoming,Johnson,$3.321
WY,Wyoming,Laramie,$3.124
WY,Wyoming,Lincoln,$3.615
WY,Wyoming,Natrona,$3.120
WY,Wyoming,Niobrara,$3.434
WY,Wyoming,Park,$3.703
WY,Wyoming,Platte,$3.626
WY,Wyoming,Sheridan,$3.308
WY,Wyoming,Sublette,$3.473
WY,Wyoming,Sweetwater,$3.424
WY,Wyoming,Teton,$3.759
WY,Wyoming,Uinta,$3.627
WY,Wyoming,Washakie,$3.466
WY,Wyoming,Weston,$3.374
ND,North Dakota,Adams,$3.499
ND,North Dakota,Barnes,$3.115
ND,North Dakota,Benson,$3.382
ND,North Dakota,Billings,$3.499
ND,North Dakota,Bottineau,$3.445
ND,North Dakota,Bowman,$3.559
ND,North Dakota,Burke,$3.397
ND,North Dakota,Burleigh,$3.437
ND,North Dakota,Cass,$3.349
ND,North Dakota,Cavalier,$3.299
ND,North Dakota,Dickey,$3.336
ND,North Dakota,Divide,$3.499
ND,North Dakota,Dunn,$3.594
ND,North Dakota,Eddy,$3.349
ND,North Dakota,Emmons,$3.299
ND,North Dakota,Foster,$3.289
ND,North Dakota,Golden Valley,$3.399
ND,North Dakota,Grand Forks,$3.273
ND,North Dakota,Grant,$3.399
ND,North Dakota,Griggs,$3.359
ND,North Dakota,Hettinger,$3.459
ND,North Dakota,Kidder,$3.319
ND,North Dakota,LaMoure,$3.349
ND,North Dakota,Logan,$3.286
ND,North Dakota,McHenry,$3.402
ND,North Dakota,McIntosh,$3.349
ND,North Dakota,McKenzie,$3.611
ND,North Dakota,McLean,$3.354
ND,North Dakota,Mercer,$3.410
ND,North Dakota,Morton,$3.332
ND,North Dakota,Mountrail,$3.388
ND,North Dakota,Nelson,$3.402
ND,North Dakota,Oliver,$3.299
ND,North Dakota,Pembina,$3.402
ND,North Dakota,Pierce,$3.399
ND,North Dakota,Ramsey,$3.427
ND,North Dakota,Ransom,$3.409
ND,North Dakota,Renville,$3.399
ND,North Dakota,Richland,$3.360
ND,North Dakota,Rolette,$3.468
ND,North Dakota,Sargent,$3.359
ND,North Dakota,Sheridan,$3.299
ND,North Dakota,Sioux,$3.349
ND,North Dakota,Slope,
ND,North Dakota,Stark,$3.442
ND,North Dakota,Steele,$3.299
ND,North Dakota,Stutsman,$3.253
ND,North Dakota,Towner,$3.359
ND,North Dakota,Traill,$3.417
ND,North Dakota,Walsh,$3.084
ND,North Dakota,Ward,$3.368
ND,North Dakota,Wells,$3.349
ND,North Dakota,Williams,$3.517
NH,New Hampshire,Belknap,$3.317
NH,New Hampshire,Carroll,$3.407
NH,New Hampshire,Cheshire,$3.342
NH,New Hampshire,Coos,$3.420
NH,New Hampshire,Grafton,$3.447
NH,New Hampshire,Hillsborough,$3.358
NH,New Hampshire,Merrimack,$3.358
NH,New Hampshire,Rockingham,$3.315
NH,New Hampshire,Strafford,$3.306
NH,New Hampshire,Sullivan,$3.296
IA,Iowa,Adair,$3.459
IA,Iowa,Adams,$3.399
IA,Iowa,Allamakee,$3.449
IA,Iowa,Appanoose,$3.499
IA,Iowa,Audubon,$3.321
IA,Iowa,Benton,$3.359
IA,Iowa,Black Hawk,$3.366
IA,Iowa,Boone,$3.317
IA,Iowa,Bremer,$3.456
IA,Iowa,Buchanan,$3.421
IA,Iowa,Buena Vista,$3.184
IA,Iowa,Butler,$3.412
IA,Iowa,Calhoun,$3.299
IA,Iowa,Carroll,$3.291
IA,Iowa,Cass,$3.432
IA,Iowa,Cedar,$3.432
IA,Iowa,Cerro Gordo,$3.379
IA,Iowa,Cherokee,$3.306
IA,Iowa,Chickasaw,$3.440
IA,Iowa,Clarke,$3.259
IA,Iowa,Clay,$3.367
IA,Iowa,Clayton,$3.380
IA,Iowa,Clinton,$3.383
IA,Iowa,Crawford,$3.290
IA,Iowa,Dallas,$3.318
IA,Iowa,Davis,$3.399
IA,Iowa,Decatur,$3.374
IA,Iowa,Delaware,$3.412
IA,Iowa,Des Moines,$3.536
IA,Iowa,Dickinson,$3.271
IA,Iowa,Dubuque,$3.399
IA,Iowa,Emmet,$3.369
IA,Iowa,Fayette,$3.421
IA,Iowa,Floyd,$3.339
IA,Iowa,Franklin,$3.349
IA,Iowa,Fremont,$3.257
IA,Iowa,Greene,$3.436
IA,Iowa,Grundy,$3.365
IA,Iowa,Guthrie,$3.316
IA,Iowa,Hamilton,$3.315
IA,Iowa,Hancock,$3.376
IA,Iowa,Hardin,$3.396
IA,Iowa,Harrison,$3.386
IA,Iowa,Henry,$3.114
IA,Iowa,Howard,$3.292
IA,Iowa,Humboldt,$3.361
IA,Iowa,Ida,$3.367
IA,Iowa,Iowa,$3.341
IA,Iowa,Jackson,$3.449
IA,Iowa,Jasper,$3.306
IA,Iowa,Jefferson,$3.336
IA,Iowa,Johnson,$3.398
IA,Iowa,Jones,$3.495
IA,Iowa,Keokuk,$3.321
IA,Iowa,Kossuth,$3.291
IA,Iowa,Lee,$3.386
IA,Iowa,Linn,$3.345
IA,Iowa,Louisa,$3.429
IA,Iowa,Lucas,$3.399
IA,Iowa,Lyon,$3.230
IA,Iowa,Madison,$3.444
IA,Iowa,Mahaska,$3.312
IA,Iowa,Marion,$3.313
IA,Iowa,Marshall,$3.421
IA,Iowa,Mills,$3.388
IA,Iowa,Mitchell,$3.407
IA,Iowa,Monona,$3.362
IA,Iowa,Monroe,$3.403
IA,Iowa,Montgomery,$3.349
IA,Iowa,Muscatine,$3.358
IA,Iowa,O'Brien,
IA,Iowa,Osceola,$3.315
IA,Iowa,Page,$3.406
IA,Iowa,Palo Alto,$3.393
IA,Iowa,Plymouth,$3.392
IA,Iowa,Pocahontas,$3.124
IA,Iowa,Polk,$3.309
IA,Iowa,Pottawattamie,$3.247
IA,Iowa,Poweshiek,$3.385
IA,Iowa,Ringgold,$3.299
IA,Iowa,Sac,$3.360
IA,Iowa,Scott,$3.289
IA,Iowa,Shelby,$3.366
IA,Iowa,Sioux,$3.403
IA,Iowa,Story,$3.359
IA,Iowa,Tama,$3.358
IA,Iowa,Taylor,$3.432
IA,Iowa,Union,$3.400
IA,Iowa,Van Buren,$3.344
IA,Iowa,Wapello,$3.220
IA,Iowa,Warren,$3.301
IA,Iowa,Washington,$3.396
IA,Iowa,Wayne,$3.457
IA,Iowa,Webster,$3.328
IA,Iowa,Winnebago,$3.372
IA,Iowa,Winneshiek,$3.438
IA,Iowa,Woodbury,$3.386
IA,Iowa,Worth,$3.381
IA,Iowa,Wright,$3.398
CO,Colorado,Adams,$3.162
CO,Colorado,Alamosa,$3.083
CO,Colorado,Arapahoe,$3.226
CO,Colorado,Archuleta,$3.935
CO,Colorado,Baca,$3.522
CO,Colorado,Bent,$3.612
CO,Colorado,Boulder,$3.307
CO,Colorado,Broomfield,$3.057
CO,Colorado,Chaffee,$3.623
CO,Colorado,Cheyenne,$3.262
CO,Colorado,Clear Creek,$3.544
CO,Colorado,Conejos,$3.352
CO,Colorado,Costilla,$3.299
CO,Colorado,Crowley,$3.604
CO,Colorado,Custer,$3.382
CO,Colorado,Delta,$3.219
CO,Colorado,Denver,$3.315
CO,Colorado,Dolores,$3.966
CO,Colorado,Douglas,$3.302
CO,Colorado,Eagle,$3.793
CO,Colorado,El Paso,$3.268
CO,Colorado,Elbert,$3.213
CO,Colorado,Fremont,$3.223
CO,Colorado,Garfield,$3.695
CO,Colorado,Gilpin,$3.999
CO,Colorado,Grand,$3.682
CO,Colorado,Gunnison,$3.885
CO,Colorado,Hinsdale,$4.199
CO,Colorado,Huerfano,$3.655
CO,Colorado,Jackson,$3.699
CO,Colorado,Jefferson,$3.288
CO,Colorado,Kiowa,$3.359
CO,Colorado,Kit Carson,$3.253
CO,Colorado,La Plata,$3.930
CO,Colorado,Lake,$3.544
CO,Colorado,Larimer,$3.385
CO,Colorado,Las Animas,$3.363
CO,Colorado,Lincoln,$3.390
CO,Colorado,Logan,$3.411
CO,Colorado,Mesa,$3.176
CO,Colorado,Mineral,
CO,Colorado,Moffat,$3.599
CO,Colorado,Montezuma,$3.611
CO,Colorado,Montrose,$3.133
CO,Colorado,Morgan,$3.309
CO,Colorado,Otero,$3.593
CO,Colorado,Ouray,$3.642
CO,Colorado,Park,$3.742
CO,Colorado,Phillips,$3.856
CO,Colorado,Pitkin,$4.591
CO,Colorado,Prowers,$3.292
CO,Colorado,Pueblo,$3.505
CO,Colorado,Rio Blanco,$3.745
CO,Colorado,Rio Grande,$3.311
CO,Colorado,Routt,$3.785
CO,Colorado,Saguache,$3.689
CO,Colorado,San Juan,$4.099
CO,Colorado,San Miguel,$3.996
CO,Colorado,Sedgwick,$3.487
CO,Colorado,Summit,$3.817
CO,Colorado,Teller,$3.638
CO,Colorado,Washington,$3.351
CO,Colorado,Weld,$3.231
CO,Colorado,Yuma,$3.437
NE,Nebraska,Adams,$3.301
NE,Nebraska,Antelope,$3.402
NE,Nebraska,Arthur,
NE,Nebraska,Banner,
NE,Nebraska,Blaine,$3.709
NE,Nebraska,Boone,$3.349
NE,Nebraska,Box Butte,$3.317
NE,Nebraska,Boyd,$3.299
NE,Nebraska,Brown,$3.439
NE,Nebraska,Buffalo,$3.473
NE,Nebraska,Burt,$3.349
NE,Nebraska,Butler,$3.399
NE,Nebraska,Cass,$3.332
NE,Nebraska,Cedar,$3.097
NE,Nebraska,Chase,$3.679
NE,Nebraska,Cherry,$3.516
NE,Nebraska,Cheyenne,$3.218
NE,Nebraska,Clay,$3.439
NE,Nebraska,Colfax,$3.266
NE,Nebraska,Cuming,$3.437
NE,Nebraska,Custer,$3.616
NE,Nebraska,Dakota,$3.517
NE,Nebraska,Dawes,$3.632
NE,Nebraska,Dawson,$3.458
NE,Nebraska,Deuel,$3.404
NE,Nebraska,Dixon,$3.299
NE,Nebraska,Dodge,$3.325
NE,Nebraska,Douglas,$3.082
NE,Nebraska,Dundy,$3.754
NE,Nebraska,Fillmore,$3.255
NE,Nebraska,Franklin,$3.436
NE,Nebraska,Frontier,$3.549
NE,Nebraska,Furnas,$3.239
NE,Nebraska,Gage,$3.433
NE,Nebraska,Garden,
NE,Nebraska,Garfield,$3.249
NE,Nebraska,Gosper,$3.299
NE,Nebraska,Grant,$3.579
NE,Nebraska,Greeley,$3.396
NE,Nebraska,Hall,$3.351
NE,Nebraska,Hamilton,$3.329
NE,Nebraska,Harlan,$3.649
NE,Nebraska,Hayes,$3.339
NE,Nebraska,Hitchcock,$3.899
NE,Nebraska,Holt,$3.343
NE,Nebraska,Hooker,$3.479
NE,Nebraska,Howard,$3.477
NE,Nebraska,Jefferson,$3.516
NE,Nebraska,Johnson,$3.249
NE,Nebraska,Kearney,$3.569
NE,Nebraska,Keith,$3.285
NE,Nebraska,Keya Paha,
NE,Nebraska,Kimball,$3.514
NE,Nebraska,Knox,$3.321
NE,Nebraska,Lancaster,$3.460
NE,Nebraska,Lincoln,$3.745
NE,Nebraska,Logan,$3.479
NE,Nebraska,Loup,$3.819
NE,Nebraska,Madison,$3.173
NE,Nebraska,McPherson,
NE,Nebraska,Merrick,$3.449
NE,Nebraska,Morrill,$3.486
NE,Nebraska,Nance,$3.259
NE,Nebraska,Nemaha,$3.387
NE,Nebraska,Nuckolls,$3.299
NE,Nebraska,Otoe,$3.341
NE,Nebraska,Pawnee,$3.249
NE,Nebraska,Perkins,$3.776
NE,Nebraska,Phelps,$3.579
NE,Nebraska,Pierce,$3.247
NE,Nebraska,Platte,$3.428
NE,Nebraska,Polk,$3.254
NE,Nebraska,Red Willow,$3.460
NE,Nebraska,Richardson,$3.337
NE,Nebraska,Rock,$3.399
NE,Nebraska,Saline,$3.578
NE,Nebraska,Sarpy,$3.085
NE,Nebraska,Saunders,$3.342
NE,Nebraska,Scotts Bluff,$3.464
NE,Nebraska,Seward,$3.437
NE,Nebraska,Sheridan,$3.499
NE,Nebraska,Sherman,$3.374
NE,Nebraska,Sioux,
NE,Nebraska,Stanton,$3.454
NE,Nebraska,Thayer,$3.279
NE,Nebraska,Thomas,$3.999
NE,Nebraska,Thurston,$3.446
NE,Nebraska,Valley,$3.574
NE,Nebraska,Washington,$3.274
NE,Nebraska,Wayne,$3.324
NE,Nebraska,Webster,$3.516
NE,Nebraska,Wheeler,$3.749
NE,Nebraska,York,$3.294
VA,Virginia,Accomack,$3.440
VA,Virginia,Albemarle,$3.305
VA,Virginia,Alexandria City,$3.516
VA,Virginia,Alleghany,$3.159
VA,Virginia,Amelia,$3.198
VA,Virginia,Amherst,$3.279
VA,Virginia,Appomattox,$3.216
VA,Virginia,Arlington,$3.475
VA,Virginia,Augusta,$3.398
VA,Virginia,Bath,$3.446
VA,Virginia,Bedford,$3.226
VA,Virginia,Bedford City,$3.136
VA,Virginia,Bland,$3.161
VA,Virginia,Botetourt,$3.273
VA,Virginia,Bristol,$3.235
VA,Virginia,Brunswick,$3.152
VA,Virginia,Buchanan,$3.493
VA,Virginia,Buckingham,$3.248
VA,Virginia,Buena Vista City,$3.264
VA,Virginia,Campbell,$3.186
VA,Virginia,Caroline,$3.235
VA,Virginia,Carroll,$3.194
VA,Virginia,Charles City,$3.299
VA,Virginia,Charlotte,$3.274
VA,Virginia,Charlottesville City,$3.300
VA,Virginia,Chesapeake City,$3.276
VA,Virginia,Chesterfield,$3.260
VA,Virginia,Clarke,$3.396
VA,Virginia,Clifton Forge City,$3.271
VA,Virginia,Colonial Heights City,$3.277
VA,Virginia,Covington City,$3.250
VA,Virginia,Craig,$3.219
VA,Virginia,Culpeper,$3.381
VA,Virginia,Cumberland,$3.174
VA,Virginia,Danville City,$3.140
VA,Virginia,Dickenson,$3.291
VA,Virginia,Dinwiddie,$3.208
VA,Virginia,Emporia City,$3.383
VA,Virginia,Essex,$3.058
VA,Virginia,Fairfax,$3.533
VA,Virginia,Fairfax City,$3.464
VA,Virginia,Falls Church City,$3.393
VA,Virginia,Fauquier,$3.410
VA,Virginia,Floyd,$3.385
VA,Virginia,Fluvanna,$3.326
VA,Virginia,Franklin,$3.259
VA,Virginia,Franklin City,$3.017
VA,Virginia,Frederick,$3.284
VA,Virginia,Fredericksburg City,$3.316
VA,Virginia,Galax City,$3.186
VA,Virginia,Giles,$3.290
VA,Virginia,Gloucester,$3.218
VA,Virginia,Goochland,$3.298
VA,Virginia,Grayson,$3.152
VA,Virginia,Greene,$3.313
VA,Virginia,Greensville,$3.299
VA,Virginia,Halifax,$3.300
VA,Virginia,Hampton City,$3.277
VA,Virginia,Hanover,$3.308
VA,Virginia,Harrisonburg City,$3.375
VA,Virginia,Henrico,$3.300
VA,Virginia,Henry,$3.221
VA,Virginia,Highland,$3.399
VA,Virginia,Hopewell City,$3.245
VA,Virginia,Isle of Wight,$3.294
VA,Virginia,James City,$3.387
VA,Virginia,King and Queen,$3.221
VA,Virginia,King George,$3.262
VA,Virginia,King William,$3.254
VA,Virginia,Lancaster,$3.214
VA,Virginia,Lee,$3.274
VA,Virginia,Lexington City,$3.313
VA,Virginia,Loudoun,$3.453
VA,Virginia,Louisa,$3.320
VA,Virginia,Lunenburg,$3.269
VA,Virginia,Lynchburg City,$3.290
VA,Virginia,Madison,$3.470
VA,Virginia,Manassas City,$3.335
VA,Virginia,Manassas Park City,
VA,Virginia,Martinsville City,$3.232
VA,Virginia,Mathews,$3.111
VA,Virginia,Mecklenburg,$3.112
VA,Virginia,Middlesex,$3.149
VA,Virginia,Montgomery,$3.406
VA,Virginia,Nelson,$3.359
VA,Virginia,New Kent,$3.329
VA,Virginia,Newport News City,$3.319
VA,Virginia,Norfolk City,$3.289
VA,Virginia,Northampton,$3.433
VA,Virginia,Northumberland,$3.157
VA,Virginia,Norton City,$3.207
VA,Virginia,Nottoway,$3.289
VA,Virginia,Orange,$3.379
VA,Virginia,Page,$3.399
VA,Virginia,Patrick,$3.179
VA,Virginia,Petersburg City,$3.212
VA,Virginia,Pittsylvania,$3.161
VA,Virginia,Poquoson City,$3.349
VA,Virginia,Portsmouth City,$3.292
VA,Virginia,Powhatan,$3.277
VA,Virginia,Prince Edward,$3.236
VA,Virginia,Prince George,$3.149
VA,Virginia,Prince William,$3.423
VA,Virginia,Pulaski,$3.323
VA,Virginia,Radford City,$3.292
VA,Virginia,Rappahannock,$3.399
VA,Virginia,Richmond,$2.999
VA,Virginia,Richmond City,$3.369
VA,Virginia,Roanoke,$3.240
VA,Virginia,Roanoke City,$3.273
VA,Virginia,Rockbridge,$3.319
VA,Virginia,Rockingham,$3.404
VA,Virginia,Russell,$3.276
VA,Virginia,Salem,$3.308
VA,Virginia,Scott,$3.258
VA,Virginia,Shenandoah,$3.394
VA,Virginia,Smyth,$3.193
VA,Virginia,Southampton,$3.105
VA,Virginia,Spotsylvania,$3.315
VA,Virginia,Stafford,$3.304
VA,Virginia,Staunton City,$3.392
VA,Virginia,Suffolk City,$3.263
VA,Virginia,Surry,$3.252
VA,Virginia,Sussex,$3.202
VA,Virginia,Tazewell,$3.236
VA,Virginia,Virginia Beach City,$3.344
VA,Virginia,Warren,$3.365
VA,Virginia,Washington,$3.303
VA,Virginia,Waynesboro City,$3.339
VA,Virginia,Westmoreland,$3.202
VA,Virginia,Williamsburg City,
VA,Virginia,Winchester City,$3.262
VA,Virginia,Wise,$3.296
VA,Virginia,Wythe,$3.160
VA,Virginia,York,$3.294
KY,Kentucky,Adair,$3.059
KY,Kentucky,Allen,$3.213
KY,Kentucky,Anderson,$3.239
KY,Kentucky,Ballard,$3.049
KY,Kentucky,Barren,$3.263
KY,Kentucky,Bath,$3.436
KY,Kentucky,Bell,$3.038
KY,Kentucky,Boone,$3.565
KY,Kentucky,Bourbon,$3.369
KY,Kentucky,Boyd,$3.410
KY,Kentucky,Boyle,$3.045
KY,Kentucky,Bracken,$3.267
KY,Kentucky,Breathitt,$3.299
KY,Kentucky,Breckinridge,$2.998
KY,Kentucky,Bullitt,$3.306
KY,Kentucky,Butler,$3.241
KY,Kentucky,Caldwell,$3.272
KY,Kentucky,Calloway,$2.967
KY,Kentucky,Campbell,$3.602
KY,Kentucky,Carlisle,$3.049
KY,Kentucky,Carroll,$3.400
KY,Kentucky,Carter,$3.428
KY,Kentucky,Casey,$3.019
KY,Kentucky,Christian,$3.053
KY,Kentucky,Clark,$3.335
KY,Kentucky,Clay,$3.270
KY,Kentucky,Clinton,$3.197
KY,Kentucky,Crittenden,$3.029
KY,Kentucky,Cumberland,$3.174
KY,Kentucky,Daviess,$2.943
KY,Kentucky,Edmonson,$3.149
KY,Kentucky,Elliott,$3.599
KY,Kentucky,Estill,$3.261
KY,Kentucky,Fayette,$3.357
KY,Kentucky,Fleming,$3.258
KY,Kentucky,Floyd,$3.288
KY,Kentucky,Franklin,$3.321
KY,Kentucky,Fulton,$3.026
KY,Kentucky,Gallatin,$3.364
KY,Kentucky,Garrard,$2.981
KY,Kentucky,Grant,$3.618
KY,Kentucky,Graves,$2.992
KY,Kentucky,Grayson,$3.120
KY,Kentucky,Green,$3.006
KY,Kentucky,Greenup,$3.402
KY,Kentucky,Hancock,$3.099
KY,Kentucky,Hardin,$3.010
KY,Kentucky,Harlan,$3.258
KY,Kentucky,Harrison,$3.268
KY,Kentucky,Hart,$3.155
KY,Kentucky,Henderson,$3.007
KY,Kentucky,Henry,$3.448
KY,Kentucky,Hickman,$2.999
KY,Kentucky,Hopkins,$3.012
KY,Kentucky,Jackson,$3.082
KY,Kentucky,Jefferson,$3.662
KY,Kentucky,Jessamine,$3.134
KY,Kentucky,Johnson,$3.455
KY,Kentucky,Kenton,$3.628
KY,Kentucky,Knott,$3.419
KY,Kentucky,Knox,$3.059
KY,Kentucky,Larue,$3.022
KY,Kentucky,Laurel,$3.153
KY,Kentucky,Lawrence,$3.386
KY,Kentucky,Lee,$3.341
KY,Kentucky,Leslie,$3.393
KY,Kentucky,Letcher,$3.374
KY,Kentucky,Lewis,$3.211
KY,Kentucky,Lincoln,$3.053
KY,Kentucky,Livingston,$3.072
KY,Kentucky,Logan,$3.185
KY,Kentucky,Lyon,$3.156
KY,Kentucky,Madison,$3.332
KY,Kentucky,Magoffin,$3.499
KY,Kentucky,Marion,$3.101
KY,Kentucky,Marshall,$3.026
KY,Kentucky,Martin,$3.309
KY,Kentucky,Mason,$3.349
KY,Kentucky,McCracken,$2.992
KY,Kentucky,McCreary,$3.107
KY,Kentucky,McLean,$3.099
KY,Kentucky,Meade,$3.179
KY,Kentucky,Menifee,$3.389
KY,Kentucky,Mercer,$3.158
KY,Kentucky,Metcalfe,$3.164
KY,Kentucky,Monroe,$3.177
KY,Kentucky,Montgomery,$3.257
KY,Kentucky,Morgan,$3.395
KY,Kentucky,Muhlenberg,$3.146
KY,Kentucky,Nelson,$3.066
KY,Kentucky,Nicholas,$3.399
KY,Kentucky,Ohio,$3.207
KY,Kentucky,Oldham,$3.599
KY,Kentucky,Owen,$3.399
KY,Kentucky,Owsley,$3.379
KY,Kentucky,Pendleton,$3.594
KY,Kentucky,Perry,$3.374
KY,Kentucky,Pike,$3.299
KY,Kentucky,Powell,$3.280
KY,Kentucky,Pulaski,$3.303
KY,Kentucky,Robertson,$3.259
KY,Kentucky,Rockcastle,$3.344
KY,Kentucky,Rowan,$3.384
KY,Kentucky,Russell,$3.114
KY,Kentucky,Scott,$3.313
KY,Kentucky,Shelby,$3.462
KY,Kentucky,Simpson,$2.915
KY,Kentucky,Spencer,$3.134
KY,Kentucky,Taylor,$2.998
KY,Kentucky,Todd,$3.235
KY,Kentucky,Trigg,$3.397
KY,Kentucky,Trimble,$3.385
KY,Kentucky,Union,$3.124
KY,Kentucky,Warren,$3.299
KY,Kentucky,Washington,$3.171
KY,Kentucky,Wayne,$3.296
KY,Kentucky,Webster,$3.055
KY,Kentucky,Whitley,$3.163
KY,Kentucky,Wolfe,$3.366
KY,Kentucky,Woodford,$3.419
GA,Georgia,Appling,$3.259
GA,Georgia,Atkinson,$3.279
GA,Georgia,Bacon,$3.256
GA,Georgia,Bibb,$3.237
GA,Georgia,Bulloch,$3.272
GA,Georgia,Baldwin,$3.228
GA,Georgia,Brantley,$3.299
GA,Georgia,Ben Hill,$3.608
GA,Georgia,Berrien,$3.189
GA,Georgia,Baker,$3.309
GA,Georgia,Bleckley,$3.299
GA,Georgia,Banks,$3.221
GA,Georgia,Brooks,$3.259
GA,Georgia,Bryan,$3.347
GA,Georgia,Butts,$3.242
GA,Georgia,Bartow,$3.281
GA,Georgia,Burke,$3.301
GA,Georgia,Barrow,$3.191
GA,Georgia,Chatham,$3.388
GA,Georgia,Cobb,$3.292
GA,Georgia,Chattahoochee,$3.249
GA,Georgia,Crawford,$3.369
GA,Georgia,Cherokee,$3.238
GA,Georgia,Coffee,$3.288
GA,Georgia,Chattooga,$3.181
GA,Georgia,Charlton,$3.381
GA,Georgia,Clinch,$3.351
GA,Georgia,Clarke,$3.209
GA,Georgia,Calhoun,$3.266
GA,Georgia,Camden,$3.286
GA,Georgia,Candler,$3.450
GA,Georgia,Cook,$3.256
GA,Georgia,Crisp,$3.247
GA,Georgia,Colquitt,$3.299
GA,Georgia,Carroll,$3.212
GA,Georgia,Catoosa,$3.121
GA,Georgia,Clayton,$3.256
GA,Georgia,Columbia,$3.234
GA,Georgia,Coweta,$3.261
GA,Georgia,Clay,$3.699
GA,Georgia,Dade,$3.122
GA,Georgia,Decatur,$3.220
GA,Georgia,Douglas,$3.248
GA,Georgia,DeKalb,$3.282
GA,Georgia,Dooly,$3.260
GA,Georgia,Dodge,$3.276
GA,Georgia,Dougherty,$3.238
GA,Georgia,Dawson,$3.225
GA,Georgia,Early,$3.374
GA,Georgia,Echols,
GA,Georgia,Effingham,$3.265
GA,Georgia,Elbert,$3.164
GA,Georgia,Emanuel,$3.474
GA,Georgia,Evans,$3.299
GA,Georgia,Fannin,$3.209
GA,Georgia,Floyd,$3.164
GA,Georgia,Forsyth,$3.242
GA,Georgia,Franklin,$3.275
GA,Georgia,Fulton,$3.411
GA,Georgia,Fayette,$3.307
GA,Georgia,Greene,$3.417
GA,Georgia,Gilmer,$3.135
GA,Georgia,Glascock,$3.099
GA,Georgia,Gordon,$3.177
GA,Georgia,Grady,$3.253
GA,Georgia,Gwinnett,$3.237
GA,Georgia,Glynn,$3.241
GA,Georgia,Habersham,$3.130
GA,Georgia,Heard,$3.359
GA,Georgia,Harris,$3.278
GA,Georgia,Hall,$3.194
GA,Georgia,Hancock,$3.449
GA,Georgia,Houston,$3.186
GA,Georgia,Haralson,$3.161
GA,Georgia,Hart,$3.070
GA,Georgia,Henry,$3.178
GA,Georgia,Irwin,$3.352
GA,Georgia,Jackson,$3.213
GA,Georgia,Jeff Davis,$3.155
GA,Georgia,Jefferson,$3.304
GA,Georgia,Jenkins,$3.274
GA,Georgia,Jones,$3.306
GA,Georgia,Johnson,$3.212
GA,Georgia,Jasper,$3.267
GA,Georgia,Lamar,$3.261
GA,Georgia,Lincoln,$3.266
GA,Georgia,Lee,$3.265
GA,Georgia,Liberty,$3.313
GA,Georgia,Lanier,$3.256
GA,Georgia,Long,$3.289
GA,Georgia,Lumpkin,$3.268
GA,Georgia,Laurens,$3.222
GA,Georgia,Lowndes,$3.258
GA,Georgia,Macon,$3.299
GA,Georgia,Mcduffie,$3.291
GA,Georgia,Madison,$3.221
GA,Georgia,Meriwether,$3.241
GA,Georgia,Montgomery,$3.293
GA,Georgia,Mcintosh,$3.401
GA,Georgia,Miller,$3.319
GA,Georgia,Morgan,$3.077
GA,Georgia,Monroe,$3.340
GA,Georgia,Marion,$3.209
GA,Georgia,Muscogee,$3.208
GA,Georgia,Mitchell,$3.274
GA,Georgia,Murray,$3.116
GA,Georgia,Newton,$3.247
GA,Georgia,Oconee,$3.269
GA,Georgia,Oglethorpe,$3.295
GA,Georgia,Peach,$3.235
GA,Georgia,Pickens,$3.203
GA,Georgia,Paulding,$3.253
GA,Georgia,Pierce,$3.319
GA,Georgia,Pike,$3.164
GA,Georgia,Pulaski,$3.236
GA,Georgia,Polk,$3.167
GA,Georgia,Putnam,$3.245
GA,Georgia,Quitman,$3.051
GA,Georgia,Randolph,$3.201
GA,Georgia,Rabun,$3.240
GA,Georgia,Richmond,$3.319
GA,Georgia,Rockdale,$3.244
GA,Georgia,Schley,$3.049
GA,Georgia,Stephens,$3.109
GA,Georgia,Seminole,$3.334
GA,Georgia,Spalding,$3.346
GA,Georgia,Screven,$3.389
GA,Georgia,Stewart,$3.259
GA,Georgia,Sumter,$3.243
GA,Georgia,Taliaferro,$3.519
GA,Georgia,Talbot,$3.332
GA,Georgia,Treutlen,$3.393
GA,Georgia,Telfair,$3.293
GA,Georgia,Thomas,$3.311
GA,Georgia,Tift,$3.257
GA,Georgia,Terrell,$3.172
GA,Georgia,Toombs,$3.251
GA,Georgia,Towns,$3.106
GA,Georgia,Troup,$3.255
GA,Georgia,Tattnall,$3.406
GA,Georgia,Turner,$3.245
GA,Georgia,Twiggs,$3.424
GA,Georgia,Taylor,$3.319
GA,Georgia,Union,$3.124
GA,Georgia,Upson,$3.278
GA,Georgia,Ware,$3.284
GA,Georgia,Wilcox,$3.232
GA,Georgia,Wheeler,$3.359
GA,Georgia,Washington,$3.096
GA,Georgia,Whitfield,$3.213
GA,Georgia,Wilkinson,$3.206
GA,Georgia,Walker,$3.166
GA,Georgia,Wilkes,$3.315
GA,Georgia,Walton,$3.224
GA,Georgia,Worth,$3.250
GA,Georgia,Warren,$3.316
GA,Georgia,Webster,$3.249
GA,Georgia,White,$3.258
GA,Georgia,Wayne,$3.267
NC,North Carolina,Alamance,$3.289
NC,North Carolina,Alexander,$3.176
NC,North Carolina,Alleghany,$3.263
NC,North Carolina,Anson,$3.313
NC,North Carolina,Ashe,$3.062
NC,North Carolina,Avery,$3.293
NC,North Carolina,Beaufort,$3.059
NC,North Carolina,Bertie,$3.265
NC,North Carolina,Bladen,$3.180
NC,North Carolina,Brunswick,$3.154
NC,North Carolina,Buncombe,$3.326
NC,North Carolina,Burke,$3.140
NC,North Carolina,Cabarrus,$3.207
NC,North Carolina,Caldwell,$3.088
NC,North Carolina,Camden,$3.072
NC,North Carolina,Carteret,$3.153
NC,North Carolina,Caswell,$3.377
NC,North Carolina,Catawba,$3.134
NC,North Carolina,Chatham,$3.264
NC,North Carolina,Cherokee,$3.236
NC,North Carolina,Chowan,$3.185
NC,North Carolina,Clay,$3.219
NC,North Carolina,Cleveland,$3.183
NC,North Carolina,Columbus,$3.254
NC,North Carolina,Craven,$3.179
NC,North Carolina,Cumberland,$3.181
NC,North Carolina,Currituck,$3.057
NC,North Carolina,Dare,$3.313
NC,North Carolina,Davidson,$3.148
NC,North Carolina,Davie,$3.222
NC,North Carolina,Duplin,$3.285
NC,North Carolina,Durham,$3.465
NC,North Carolina,Edgecombe,$3.186
NC,North Carolina,Forsyth,$3.206
NC,North Carolina,Franklin,$3.319
NC,North Carolina,Gaston,$3.199
NC,North Carolina,Gates,$3.361
NC,North Carolina,Graham,$3.399
NC,North Carolina,Granville,$3.390
NC,North Carolina,Greene,$3.275
NC,North Carolina,Guilford,$3.253
NC,North Carolina,Halifax,$3.230
NC,North Carolina,Harnett,$3.242
NC,North Carolina,Haywood,$3.324
NC,North Carolina,Henderson,$3.330
NC,North Carolina,Hertford,$3.195
NC,North Carolina,Hoke,$3.224
NC,North Carolina,Hyde,$3.599
NC,North Carolina,Iredell,$3.217
NC,North Carolina,Jackson,$3.279
NC,North Carolina,Johnston,$3.285
NC,North Carolina,Jones,$3.269
NC,North Carolina,Lee,$3.156
NC,North Carolina,Lenoir,$3.194
NC,North Carolina,Lincoln,$3.158
NC,North Carolina,Macon,$3.228
NC,North Carolina,Madison,$3.440
NC,North Carolina,Martin,$3.301
NC,North Carolina,McDowell,$3.167
NC,North Carolina,Mecklenburg,$3.236
NC,North Carolina,Mitchell,$3.158
NC,North Carolina,Montgomery,$3.164
NC,North Carolina,Moore,$3.279
NC,North Carolina,Nash,$3.228
NC,North Carolina,New Hanover,$3.225
NC,North Carolina,Northampton,$3.219
NC,North Carolina,Onslow,$3.173
NC,North Carolina,Orange,$3.462
NC,North Carolina,Pamlico,$3.495
NC,North Carolina,Pasquotank,$3.104
NC,North Carolina,Pender,$3.282
NC,North Carolina,Perquimans,$3.201
NC,North Carolina,Person,$3.322
NC,North Carolina,Pitt,$3.144
NC,North Carolina,Polk,$3.378
NC,North Carolina,Randolph,$3.193
NC,North Carolina,Richmond,$3.231
NC,North Carolina,Robeson,$3.222
NC,North Carolina,Rockingham,$3.205
NC,North Carolina,Rowan,$3.266
NC,North Carolina,Rutherford,$3.221
NC,North Carolina,Sampson,$3.235
NC,North Carolina,Scotland,$3.142
NC,North Carolina,Stanly,$3.216
NC,North Carolina,Stokes,$3.242
NC,North Carolina,Surry,$3.369
NC,North Carolina,Swain,$3.232
NC,North Carolina,Transylvania,$3.384
NC,North Carolina,Tyrrell,$3.329
NC,North Carolina,Union,$3.222
NC,North Carolina,Vance,$3.316
NC,North Carolina,Wake,$3.304
NC,North Carolina,Warren,$3.307
NC,North Carolina,Washington,$3.315
NC,North Carolina,Watauga,$3.275
NC,North Carolina,Wayne,$3.151
NC,North Carolina,Wilkes,$3.087
NC,North Carolina,Wilson,$3.165
NC,North Carolina,Yadkin,$3.201
NC,North Carolina,Yancey,$3.275
KS,Kansas,Allen,$3.392
KS,Kansas,Anderson,$3.286
KS,Kansas,Atchison,$3.372
KS,Kansas,Barber,$3.296
KS,Kansas,Barton,$3.377
KS,Kansas,Bourbon,$3.284
KS,Kansas,Brown,$3.236
KS,Kansas,Butler,$3.099
KS,Kansas,Chase,$3.306
KS,Kansas,Chautauqua,$3.459
KS,Kansas,Cherokee,$3.145
KS,Kansas,Cheyenne,$3.429
KS,Kansas,Clark,$3.319
KS,Kansas,Clay,$3.337
KS,Kansas,Cloud,$3.299
KS,Kansas,Coffey,$3.318
KS,Kansas,Comanche,$3.319
KS,Kansas,Cowley,$3.253
KS,Kansas,Crawford,$3.094
KS,Kansas,Decatur,$3.249
KS,Kansas,Dickinson,$3.217
KS,Kansas,Doniphan,$3.269
KS,Kansas,Douglas,$3.258
KS,Kansas,Edwards,$3.252
KS,Kansas,Elk,$3.299
KS,Kansas,Ellis,$3.232
KS,Kansas,Ellsworth,$3.336
KS,Kansas,Finney,$3.276
KS,Kansas,Ford,$3.292
KS,Kansas,Franklin,$3.192
KS,Kansas,Geary,$3.090
KS,Kansas,Gove,$3.299
KS,Kansas,Graham,$3.274
KS,Kansas,Grant,$3.315
KS,Kansas,Gray,$3.279
KS,Kansas,Greeley,$3.399
KS,Kansas,Greenwood,$3.171
KS,Kansas,Hamilton,$3.409
KS,Kansas,Harper,$3.311
KS,Kansas,Harvey,$3.128
KS,Kansas,Haskell,$3.292
KS,Kansas,Hodgeman,$3.286
KS,Kansas,Jackson,$3.345
KS,Kansas,Jefferson,$3.251
KS,Kansas,Jewell,$3.269
KS,Kansas,Johnson,$3.204
KS,Kansas,Kearny,$3.241
KS,Kansas,Kingman,$3.347
KS,Kansas,Kiowa,$3.299
KS,Kansas,Labette,$3.293
KS,Kansas,Lane,$3.202
KS,Kansas,Leavenworth,$3.139
KS,Kansas,Lincoln,$3.399
KS,Kansas,Linn,$3.345
KS,Kansas,Logan,$3.329
KS,Kansas,Lyon,$3.330
KS,Kansas,Marion,$3.265
KS,Kansas,Marshall,$3.298
KS,Kansas,Mcpherson,$3.092
KS,Kansas,Meade,$3.261
KS,Kansas,Miami,$3.220
KS,Kansas,Mitchell,$3.428
KS,Kansas,Montgomery,$3.376
KS,Kansas,Morris,$3.231
KS,Kansas,Morton,$3.562
KS,Kansas,Nemaha,$3.254
KS,Kansas,Neosho,$3.372
KS,Kansas,Ness,$3.182
KS,Kansas,Norton,$3.127
KS,Kansas,Osage,$3.248
KS,Kansas,Osborne,$3.341
KS,Kansas,Ottawa,$3.284
KS,Kansas,Pawnee,$3.249
KS,Kansas,Phillips,$3.396
KS,Kansas,Pottawatomie,$3.276
KS,Kansas,Pratt,$3.376
KS,Kansas,Rawlins,$3.279
KS,Kansas,Reno,$3.025
KS,Kansas,Republic,$3.281
KS,Kansas,Rice,$3.308
KS,Kansas,Riley,$3.355
KS,Kansas,Rooks,$3.226
KS,Kansas,Rush,$3.199
KS,Kansas,Russell,$3.382
KS,Kansas,Saline,$3.190
KS,Kansas,Scott,$3.140
KS,Kansas,Sedgwick,$3.096
KS,Kansas,Seward,$3.166
KS,Kansas,Shawnee,$3.205
KS,Kansas,Sheridan,$3.281
KS,Kansas,Sherman,$3.241
KS,Kansas,Smith,$3.466
KS,Kansas,Stafford,$3.339
KS,Kansas,Stanton,$3.374
KS,Kansas,Stevens,$3.276
KS,Kansas,Sumner,$3.184
KS,Kansas,Thomas,$3.190
KS,Kansas,Trego,$3.229
KS,Kansas,Wabaunsee,$3.199
KS,Kansas,Wallace,$3.359
KS,Kansas,Washington,$3.267
KS,Kansas,Wichita,$3.224
KS,Kansas,Wilson,$3.411
KS,Kansas,Woodson,$3.261
KS,Kansas,Wyandotte,$3.205
MO,Missouri,Adair,$3.357
MO,Missouri,Andrew,$3.174
MO,Missouri,Atchison,$3.325
MO,Missouri,Audrain,$3.182
MO,Missouri,Barry,$3.054
MO,Missouri,Barton,$3.098
MO,Missouri,Bates,$3.171
MO,Missouri,Benton,$3.161
MO,Missouri,Bollinger,$3.156
MO,Missouri,Boone,$3.252
MO,Missouri,Buchanan,$3.172
MO,Missouri,Butler,$3.123
MO,Missouri,Caldwell,$3.174
MO,Missouri,Callaway,$3.295
MO,Missouri,Camden,$3.104
MO,Missouri,Cape Girardeau,$3.093
MO,Missouri,Carroll,$3.260
MO,Missouri,Carter,$3.264
MO,Missouri,Cass,$3.121
MO,Missouri,Cedar,$3.199
MO,Missouri,Chariton,$3.378
MO,Missouri,Christian,$3.081
MO,Missouri,Clark,$3.239
MO,Missouri,Clay,$3.140
MO,Missouri,Clinton,$3.110
MO,Missouri,Cole,$3.301
MO,Missouri,Cooper,$3.035
MO,Missouri,Crawford,$3.130
MO,Missouri,Dade,$3.102
MO,Missouri,Dallas,$3.079
MO,Missouri,Daviess,$3.127
MO,Missouri,DeKalb,$3.135
MO,Missouri,Dent,$3.185
MO,Missouri,Douglas,$3.152
MO,Missouri,Dunklin,$3.097
MO,Missouri,Franklin,$3.153
MO,Missouri,Gasconade,$3.214
MO,Missouri,Gentry,$3.243
MO,Missouri,Greene,$3.064
MO,Missouri,Grundy,$3.199
MO,Missouri,Harrison,$3.121
MO,Missouri,Henry,$3.225
MO,Missouri,Hickory,$3.155
MO,Missouri,Holt,$3.238
MO,Missouri,Howard,$3.169
MO,Missouri,Howell,$3.127
MO,Missouri,Iron,$3.226
MO,Missouri,Jackson,$3.159
MO,Missouri,Jasper,$3.000
MO,Missouri,Jefferson,$3.241
MO,Missouri,Johnson,$3.094
MO,Missouri,Knox,$3.219
MO,Missouri,Laclede,$3.268
MO,Missouri,Lafayette,$3.041
MO,Missouri,Lawrence,$3.100
MO,Missouri,Lewis,$3.406
MO,Missouri,Lincoln,$3.233
MO,Missouri,Linn,$3.292
MO,Missouri,Livingston,$3.256
MO,Missouri,Macon,$3.251
MO,Missouri,Madison,$3.035
MO,Missouri,Maries,$3.209
MO,Missouri,Marion,$3.239
MO,Missouri,McDonald,$3.030
MO,Missouri,Mercer,$3.066
MO,Missouri,Miller,$3.276
MO,Missouri,Mississippi,$3.073
MO,Missouri,Moniteau,$3.296
MO,Missouri,Monroe,$3.410
MO,Missouri,Montgomery,$3.193
MO,Missouri,Morgan,$3.273
MO,Missouri,New Madrid,$3.099
MO,Missouri,Newton,$3.006
MO,Missouri,Nodaway,$3.215
MO,Missouri,Oregon,$3.203
MO,Missouri,Osage,$3.272
MO,Missouri,Ozark,$3.261
MO,Missouri,Pemiscot,$3.150
MO,Missouri,Perry,$3.099
MO,Missouri,Pettis,$3.002
MO,Missouri,Phelps,$3.116
MO,Missouri,Pike,$3.399
MO,Missouri,Platte,$3.185
MO,Missouri,Polk,$3.118
MO,Missouri,Pulaski,$3.101
MO,Missouri,Putnam,$3.349
MO,Missouri,Ralls,$3.256
MO,Missouri,Randolph,$3.294
MO,Missouri,Ray,$3.167
MO,Missouri,Reynolds,$3.244
MO,Missouri,Ripley,$3.109
MO,Missouri,Saline,$3.075
MO,Missouri,Schuyler,$3.389
MO,Missouri,Scotland,$3.399
MO,Missouri,Scott,$3.185
MO,Missouri,Shannon,$3.189
MO,Missouri,Shelby,$3.374
MO,Missouri,Saint Charles,$3.134
MO,Missouri,Saint Clair,$3.250
MO,Missouri,Saint Francois,$3.119
MO,Missouri,Saint Louis,$3.314
MO,Missouri,Saint Louis City,$3.299
MO,Missouri,Sainte Genevieve,$3.189
MO,Missouri,Stoddard,$3.166
MO,Missouri,Stone,$3.065
MO,Missouri,Sullivan,$3.433
MO,Missouri,Taney,$3.094
MO,Missouri,Texas,$3.154
MO,Missouri,Vernon,$3.004
MO,Missouri,Warren,$3.135
MO,Missouri,Washington,$3.042
MO,Missouri,Wayne,$3.195
MO,Missouri,Webster,$3.058
MO,Missouri,Worth,$3.299
MO,Missouri,Wright,$3.177
OK,Oklahoma,Adair,$3.109
OK,Oklahoma,Alfalfa,$3.259
OK,Oklahoma,Atoka,$3.290
OK,Oklahoma,Beaver,$3.302
OK,Oklahoma,Beckham,$3.080
OK,Oklahoma,Blaine,$3.335
OK,Oklahoma,Bryan,$3.055
OK,Oklahoma,Caddo,$3.177
OK,Oklahoma,Canadian,$3.199
OK,Oklahoma,Carter,$3.179
OK,Oklahoma,Cherokee,$3.323
OK,Oklahoma,Choctaw,$3.071
OK,Oklahoma,Cimarron,$3.284
OK,Oklahoma,Cleveland,$3.166
OK,Oklahoma,Coal,$3.497
OK,Oklahoma,Comanche,$2.947
OK,Oklahoma,Cotton,$3.024
OK,Oklahoma,Craig,$3.016
OK,Oklahoma,Creek,$3.160
OK,Oklahoma,Custer,$3.238
OK,Oklahoma,Delaware,$3.115
OK,Oklahoma,Dewey,$3.376
OK,Oklahoma,Ellis,$3.516
OK,Oklahoma,Garfield,$3.061
OK,Oklahoma,Garvin,$3.199
OK,Oklahoma,Grady,$3.254
OK,Oklahoma,Grant,$3.066
OK,Oklahoma,Greer,$3.416
OK,Oklahoma,Harmon,$3.204
OK,Oklahoma,Harper,$3.164
OK,Oklahoma,Haskell,$3.175
OK,Oklahoma,Hughes,$3.401
OK,Oklahoma,Jackson,$3.006
OK,Oklahoma,Jefferson,$3.486
OK,Oklahoma,Johnston,$3.321
OK,Oklahoma,Kay,$3.128
OK,Oklahoma,Kingfisher,$3.425
OK,Oklahoma,Kiowa,$3.118
OK,Oklahoma,Latimer,$3.176
OK,Oklahoma,Le Flore,$3.174
OK,Oklahoma,Lincoln,$3.401
OK,Oklahoma,Logan,$3.434
OK,Oklahoma,Love,$3.149
OK,Oklahoma,Major,$3.100
OK,Oklahoma,Marshall,$3.264
OK,Oklahoma,Mayes,$3.014
OK,Oklahoma,McClain,$3.443
OK,Oklahoma,McCurtain,$3.270
OK,Oklahoma,McIntosh,$3.219
OK,Oklahoma,Murray,$3.307
OK,Oklahoma,Muskogee,$3.071
OK,Oklahoma,Noble,$3.156
OK,Oklahoma,Nowata,$3.146
OK,Oklahoma,Okfuskee,$3.236
OK,Oklahoma,Oklahoma,$3.196
OK,Oklahoma,Okmulgee,$3.014
OK,Oklahoma,Osage,$3.219
OK,Oklahoma,Ottawa,$3.032
OK,Oklahoma,Pawnee,$3.219
OK,Oklahoma,Payne,$3.168
OK,Oklahoma,Pittsburg,$3.203
OK,Oklahoma,Pontotoc,$3.240
OK,Oklahoma,Pottawatomie,$3.152
OK,Oklahoma,Pushmataha,$3.162
OK,Oklahoma,Roger Mills,$3.173
OK,Oklahoma,Rogers,$3.086
OK,Oklahoma,Seminole,$3.258
OK,Oklahoma,Sequoyah,$3.152
OK,Oklahoma,Stephens,$3.106
OK,Oklahoma,Texas,$3.165
OK,Oklahoma,Tillman,$3.079
OK,Oklahoma,Tulsa,$3.049
OK,Oklahoma,Wagoner,$3.081
OK,Oklahoma,Washington,$3.066
OK,Oklahoma,Washita,$3.240
OK,Oklahoma,Woods,$3.331
OK,Oklahoma,Woodward,$3.183
TN,Tennessee,Anderson,$3.122
TN,Tennessee,Bedford,$3.123
TN,Tennessee,Benton,$3.096
TN,Tennessee,Bledsoe,$3.212
TN,Tennessee,Blount,$3.184
TN,Tennessee,Bradley,$3.163
TN,Tennessee,Campbell,$3.080
TN,Tennessee,Cannon,$3.145
TN,Tennessee,Carroll,$3.158
TN,Tennessee,Carter,$3.063
TN,Tennessee,Cheatham,$3.218
TN,Tennessee,Chester,$3.082
TN,Tennessee,Claiborne,$3.013
TN,Tennessee,Clay,$3.191
TN,Tennessee,Cocke,$3.005
TN,Tennessee,Coffee,$3.187
TN,Tennessee,Crockett,$3.256
TN,Tennessee,Cumberland,$3.079
TN,Tennessee,Davidson,$3.265
TN,Tennessee,Decatur,$3.118
TN,Tennessee,DeKalb,$3.137
TN,Tennessee,Dickson,$3.016
TN,Tennessee,Dyer,$3.006
TN,Tennessee,Fayette,$3.178
TN,Tennessee,Fentress,$3.131
TN,Tennessee,Franklin,$3.110
TN,Tennessee,Gibson,$3.067
TN,Tennessee,Giles,$3.088
TN,Tennessee,Grainger,$3.137
TN,Tennessee,Greene,$2.944
TN,Tennessee,Grundy,$3.196
TN,Tennessee,Hamblen,$3.148
TN,Tennessee,Hamilton,$3.096
TN,Tennessee,Hancock,$3.199
TN,Tennessee,Hardeman,$3.140
TN,Tennessee,Hardin,$3.072
TN,Tennessee,Hawkins,$3.037
TN,Tennessee,Haywood,$3.248
TN,Tennessee,Henderson,$3.038
TN,Tennessee,Henry,$2.902
TN,Tennessee,Hickman,$3.049
TN,Tennessee,Houston,$3.294
TN,Tennessee,Humphreys,$3.025
TN,Tennessee,Jackson,$3.086
TN,Tennessee,Jefferson,$3.124
TN,Tennessee,Johnson,$3.073
TN,Tennessee,Knox,$3.196
TN,Tennessee,Lake,$2.966
TN,Tennessee,Lauderdale,$3.169
TN,Tennessee,Lawrence,$3.176
TN,Tennessee,Lewis,$3.098
TN,Tennessee,Lincoln,$3.256
TN,Tennessee,Loudon,$3.047
TN,Tennessee,Macon,$3.223
TN,Tennessee,Madison,$3.086
TN,Tennessee,Marion,$3.078
TN,Tennessee,Marshall,$3.133
TN,Tennessee,Maury,$3.115
TN,Tennessee,McMinn,$3.049
TN,Tennessee,McNairy,$3.071
TN,Tennessee,Meigs,$3.139
TN,Tennessee,Monroe,$3.158
TN,Tennessee,Montgomery,$3.020
TN,Tennessee,Moore,$3.249
TN,Tennessee,Morgan,$3.161
TN,Tennessee,Obion,$2.986
TN,Tennessee,Overton,$3.176
TN,Tennessee,Perry,$3.162
TN,Tennessee,Pickett,$3.172
TN,Tennessee,Polk,$3.157
TN,Tennessee,Putnam,$3.133
TN,Tennessee,Rhea,$2.995
TN,Tennessee,Roane,$3.092
TN,Tennessee,Robertson,$3.161
TN,Tennessee,Rutherford,$3.168
TN,Tennessee,Scott,$3.147
TN,Tennessee,Sequatchie,$3.031
TN,Tennessee,Sevier,$3.174
TN,Tennessee,Shelby,$3.147
TN,Tennessee,Smith,$3.165
TN,Tennessee,Stewart,$3.012
TN,Tennessee,Sullivan,$3.120
TN,Tennessee,Sumner,$3.163
TN,Tennessee,Tipton,$3.124
TN,Tennessee,Trousdale,$3.199
TN,Tennessee,Unicoi,$2.988
TN,Tennessee,Union,$3.065
TN,Tennessee,Van Buren,$3.199
TN,Tennessee,Warren,$3.198
TN,Tennessee,Washington,$3.108
TN,Tennessee,Wayne,$3.051
TN,Tennessee,Weakley,$3.106
TN,Tennessee,White,$3.074
TN,Tennessee,Williamson,$3.413
TN,Tennessee,Wilson,$3.076
SC,South Carolina,Abbeville,$3.005
SC,South Carolina,Aiken,$3.225
SC,South Carolina,Allendale,$3.399
SC,South Carolina,Anderson,$3.027
SC,South Carolina,Bamberg,$3.333
SC,South Carolina,Barnwell,$3.116
SC,South Carolina,Beaufort,$3.339
SC,South Carolina,Berkeley,$3.132
SC,South Carolina,Calhoun,$3.275
SC,South Carolina,Charleston,$3.253
SC,South Carolina,Cherokee,$3.117
SC,South Carolina,Chester,$3.151
SC,South Carolina,Chesterfield,$3.170
SC,South Carolina,Clarendon,$3.321
SC,South Carolina,Colleton,$3.293
SC,South Carolina,Darlington,$3.115
SC,South Carolina,Dillon,$3.143
SC,South Carolina,Dorchester,$3.180
SC,South Carolina,Edgefield,$3.099
SC,South Carolina,Fairfield,$3.297
SC,South Carolina,Florence,$3.091
SC,South Carolina,Georgetown,$3.221
SC,South Carolina,Greenville,$3.090
SC,South Carolina,Greenwood,$3.034
SC,South Carolina,Hampton,$3.453
SC,South Carolina,Horry,$3.073
SC,South Carolina,Jasper,$3.292
SC,South Carolina,Kershaw,$3.115
SC,South Carolina,Lancaster,$3.116
SC,South Carolina,Laurens,$3.114
SC,South Carolina,Lee,$3.355
SC,South Carolina,Lexington,$3.076
SC,South Carolina,Marion,$3.188
SC,South Carolina,Marlboro,$3.086
SC,South Carolina,McCormick,$3.121
SC,South Carolina,Newberry,$3.214
SC,South Carolina,Oconee,$3.087
SC,South Carolina,Orangeburg,$3.287
SC,South Carolina,Pickens,$3.040
SC,South Carolina,Richland,$3.108
SC,South Carolina,Saluda,$3.019
SC,South Carolina,Spartanburg,$3.133
SC,South Carolina,Sumter,$3.174
SC,South Carolina,Union,$3.017
SC,South Carolina,Williamsburg,$3.258
SC,South Carolina,York,$3.022
AR,Arkansas,Arkansas,$3.072
AR,Arkansas,Ashley,$3.178
AR,Arkansas,Baxter,$3.272
AR,Arkansas,Benton,$3.090
AR,Arkansas,Boone,$3.262
AR,Arkansas,Bradley,$3.299
AR,Arkansas,Calhoun,$3.099
AR,Arkansas,Carroll,$3.116
AR,Arkansas,Chicot,$3.219
AR,Arkansas,Clark,$3.135
AR,Arkansas,Clay,$3.148
AR,Arkansas,Cleburne,$3.110
AR,Arkansas,Cleveland,$3.194
AR,Arkansas,Columbia,$3.221
AR,Arkansas,Conway,$3.062
AR,Arkansas,Craighead,$3.003
AR,Arkansas,Crawford,$3.130
AR,Arkansas,Crittenden,$3.074
AR,Arkansas,Cross,$3.099
AR,Arkansas,Dallas,$3.041
AR,Arkansas,Desha,$3.336
AR,Arkansas,Drew,$3.117
AR,Arkansas,Faulkner,$3.008
AR,Arkansas,Franklin,$3.097
AR,Arkansas,Fulton,$3.132
AR,Arkansas,Garland,$3.101
AR,Arkansas,Grant,$3.189
AR,Arkansas,Greene,$2.923
AR,Arkansas,Hempstead,$3.042
AR,Arkansas,Hot Spring,$3.038
AR,Arkansas,Howard,$3.250
AR,Arkansas,Independence,$3.111
AR,Arkansas,Izard,$3.274
AR,Arkansas,Jackson,$3.049
AR,Arkansas,Jefferson,$3.037
AR,Arkansas,Johnson,$3.113
AR,Arkansas,Lafayette,$3.351
AR,Arkansas,Lawrence,$3.061
AR,Arkansas,Lee,$3.199
AR,Arkansas,Lincoln,$3.199
AR,Arkansas,Little River,$3.167
AR,Arkansas,Logan,$3.239
AR,Arkansas,Lonoke,$3.069
AR,Arkansas,Madison,$3.158
AR,Arkansas,Marion,$3.242
AR,Arkansas,Miller,$3.117
AR,Arkansas,Mississippi,$3.112
AR,Arkansas,Monroe,$3.071
AR,Arkansas,Montgomery,$3.326
AR,Arkansas,Nevada,$3.105
AR,Arkansas,Newton,$3.369
AR,Arkansas,Ouachita,$3.158
AR,Arkansas,Perry,$3.079
AR,Arkansas,Phillips,$3.213
AR,Arkansas,Pike,$3.299
AR,Arkansas,Poinsett,$3.063
AR,Arkansas,Polk,$3.176
AR,Arkansas,Pope,$3.119
AR,Arkansas,Prairie,$3.006
AR,Arkansas,Pulaski,$3.048
AR,Arkansas,Randolph,$3.024
AR,Arkansas,Saline,$3.060
AR,Arkansas,Scott,$3.153
AR,Arkansas,Searcy,$3.082
AR,Arkansas,Sebastian,$3.143
AR,Arkansas,Sevier,$3.285
AR,Arkansas,Sharp,$3.084
AR,Arkansas,Saint Francis,$2.987
AR,Arkansas,Stone,$3.214
AR,Arkansas,Union,$3.121
AR,Arkansas,Van Buren,$2.995
AR,Arkansas,Washington,$3.192
AR,Arkansas,White,$3.038
AR,Arkansas,Woodruff,$3.279
AR,Arkansas,Yell,$3.233
AL,Alabama,Autauga,$3.151
AL,Alabama,Baldwin,$3.121
AL,Alabama,Barbour,$3.083
AL,Alabama,Bibb,$3.123
AL,Alabama,Blount,$3.121
AL,Alabama,Bullock,$3.199
AL,Alabama,Butler,$3.277
AL,Alabama,Calhoun,$3.050
AL,Alabama,Chambers,$3.077
AL,Alabama,Cherokee,$2.942
AL,Alabama,Chilton,$3.107
AL,Alabama,Choctaw,$3.300
AL,Alabama,Clarke,$3.227
AL,Alabama,Clay,$3.169
AL,Alabama,Cleburne,$3.125
AL,Alabama,Coffee,$3.090
AL,Alabama,Colbert,$3.074
AL,Alabama,Conecuh,$3.269
AL,Alabama,Coosa,$3.097
AL,Alabama,Covington,$3.000
AL,Alabama,Crenshaw,$3.148
AL,Alabama,Cullman,$3.147
AL,Alabama,Dale,$3.081
AL,Alabama,Dallas,$3.157
AL,Alabama,De Kalb,$3.039
AL,Alabama,Elmore,$3.064
AL,Alabama,Escambia,$3.094
AL,Alabama,Etowah,$2.992
AL,Alabama,Fayette,$3.165
AL,Alabama,Franklin,$3.071
AL,Alabama,Geneva,$3.183
AL,Alabama,Greene,$3.295
AL,Alabama,Hale,$3.165
AL,Alabama,Henry,$3.152
AL,Alabama,Houston,$3.125
AL,Alabama,Jackson,$3.092
AL,Alabama,Jefferson,$3.083
AL,Alabama,Lamar,$3.199
AL,Alabama,Lauderdale,$3.099
AL,Alabama,Lawrence,$3.081
AL,Alabama,Lee,$3.032
AL,Alabama,Limestone,$3.080
AL,Alabama,Lowndes,$3.153
AL,Alabama,Macon,$3.193
AL,Alabama,Madison,$3.101
AL,Alabama,Marengo,$3.216
AL,Alabama,Marion,$3.091
AL,Alabama,Marshall,$2.978
AL,Alabama,Mobile,$3.128
AL,Alabama,Monroe,$3.165
AL,Alabama,Montgomery,$3.089
AL,Alabama,Morgan,$3.026
AL,Alabama,Perry,$3.319
AL,Alabama,Pickens,$3.098
AL,Alabama,Pike,$3.121
AL,Alabama,Randolph,$3.129
AL,Alabama,Russell,$3.065
AL,Alabama,Shelby,$3.054
AL,Alabama,Saint Clair,$3.070
AL,Alabama,Sumter,$3.326
AL,Alabama,Talladega,$3.090
AL,Alabama,Tallapoosa,$3.047
AL,Alabama,Tuscaloosa,$3.034
AL,Alabama,Walker,$3.077
AL,Alabama,Washington,$3.313
AL,Alabama,Wilcox,$3.421
AL,Alabama,Winston,$3.141
LA,Louisiana,Acadia,$3.147
LA,Louisiana,Allen,$3.262
LA,Louisiana,Ascension,$3.034
LA,Louisiana,Assumption,$3.230
LA,Louisiana,Avoyelles,$3.098
LA,Louisiana,Beauregard,$3.088
LA,Louisiana,Bienville,$3.173
LA,Louisiana,Bossier,$3.015
LA,Louisiana,Caddo,$3.066
LA,Louisiana,Calcasieu,$3.104
LA,Louisiana,Caldwell,$3.093
LA,Louisiana,Cameron,$3.479
LA,Louisiana,Catahoula,$3.099
LA,Louisiana,Claiborne,$3.247
LA,Louisiana,Concordia,$2.994
LA,Louisiana,De Soto,$3.069
LA,Louisiana,East Baton Rouge,$3.022
LA,Louisiana,East Carroll,$3.299
LA,Louisiana,East Feliciana,$3.335
LA,Louisiana,Evangeline,$3.098
LA,Louisiana,Franklin,$3.119
LA,Louisiana,Grant,$3.083
LA,Louisiana,Iberia,$3.011
LA,Louisiana,Iberville,$3.143
LA,Louisiana,Jackson,$2.988
LA,Louisiana,Jefferson,$3.098
LA,Louisiana,Jefferson Davis,$3.161
LA,Louisiana,La Salle,$3.107
LA,Louisiana,Lafayette,$3.078
LA,Louisiana,Lafourche,$3.113
LA,Louisiana,Lincoln,$3.003
LA,Louisiana,Livingston,$2.993
LA,Louisiana,Madison,$3.035
LA,Louisiana,Morehouse,$2.995
LA,Louisiana,Natchitoches,$3.118
LA,Louisiana,Orleans,$3.119
LA,Louisiana,Ouachita,$2.944
LA,Louisiana,Plaquemines,$3.352
LA,Louisiana,Pointe Coupee,$3.264
LA,Louisiana,Rapides,$3.054
LA,Louisiana,Red River,$3.117
LA,Louisiana,Richland,$3.074
LA,Louisiana,Sabine,$3.229
LA,Louisiana,Saint Bernard,$2.958
LA,Louisiana,Saint Charles,$3.064
LA,Louisiana,Saint Helena,$3.062
LA,Louisiana,Saint James,$3.164
LA,Louisiana,St John the Baptist,$3.108
LA,Louisiana,Saint Landry,$3.086
LA,Louisiana,Saint Martin,$3.013
LA,Louisiana,Saint Mary,$3.191
LA,Louisiana,Saint Tammany,$3.043
LA,Louisiana,Tangipahoa,$3.067
LA,Louisiana,Tensas,$3.432
LA,Louisiana,Terrebonne,$3.147
LA,Louisiana,Union,$3.046
LA,Louisiana,Vermilion,$3.177
LA,Louisiana,Vernon,$3.187
LA,Louisiana,Washington,$3.082
LA,Louisiana,Webster,$3.148
LA,Louisiana,West Baton Rouge,$3.173
LA,Louisiana,West Carroll,$3.209
LA,Louisiana,West Feliciana,$3.265
LA,Louisiana,Winn,$3.051
TX,Texas,Anderson,$3.031
TX,Texas,Andrews,$3.260
TX,Texas,Angelina,$3.129
TX,Texas,Aransas,$2.799
TX,Texas,Archer,$3.134
TX,Texas,Armstrong,$2.999
TX,Texas,Atascosa,$3.021
TX,Texas,Austin,$3.095
TX,Texas,Bailey,$3.031
TX,Texas,Bandera,$3.126
TX,Texas,Bastrop,$3.113
TX,Texas,Baylor,$3.099
TX,Texas,Bee,$2.998
TX,Texas,Bell,$3.010
TX,Texas,Bexar,$3.044
TX,Texas,Blanco,$3.131
TX,Texas,Borden,
TX,Texas,Bosque,$3.080
TX,Texas,Bowie,$3.117
TX,Texas,Brazoria,$3.023
TX,Texas,Brazos,$3.102
TX,Texas,Brewster,$3.390
TX,Texas,Briscoe,$3.099
TX,Texas,Brooks,$2.999
TX,Texas,Brown,$3.034
TX,Texas,Burleson,$3.147
TX,Texas,Burnet,$3.082
TX,Texas,Caldwell,$3.017
TX,Texas,Calhoun,$3.004
TX,Texas,Callahan,$3.162
TX,Texas,Cameron,$2.913
TX,Texas,Camp,$3.172
TX,Texas,Carson,$3.078
TX,Texas,Cass,$3.122
TX,Texas,Castro,$3.199
TX,Texas,Chambers,$3.066
TX,Texas,Cherokee,$3.046
TX,Texas,Childress,$3.013
TX,Texas,Clay,$3.237
TX,Texas,Cochran,$3.274
TX,Texas,Coke,$3.144
TX,Texas,Coleman,$3.138
TX,Texas,Collin,$3.086
TX,Texas,Collingsworth,$3.159
TX,Texas,Colorado,$3.076
TX,Texas,Comal,$3.070
TX,Texas,Comanche,$3.024
TX,Texas,Concho,$3.199
TX,Texas,Cooke,$3.141
TX,Texas,Coryell,$3.047
TX,Texas,Cottle,$3.349
TX,Texas,Crane,$3.254
TX,Texas,Crockett,$3.139
TX,Texas,Crosby,$3.149
TX,Texas,Culberson,$3.666
TX,Texas,Dallam,$3.027
TX,Texas,Dallas,$3.129
TX,Texas,Dawson,$3.129
TX,Texas,Deaf Smith,$2.999
TX,Texas,Delta,$3.224
TX,Texas,Denton,$3.081
TX,Texas,De Witt,$3.049
TX,Texas,Dickens,$3.274
TX,Texas,Dimmit,$3.195
TX,Texas,Donley,$3.032
TX,Texas,Duval,$3.030
TX,Texas,Eastland,$3.113
TX,Texas,Ector,$3.038
TX,Texas,Edwards,$3.349
TX,Texas,El Paso,$3.382
TX,Texas,Ellis,$3.126
TX,Texas,Erath,$3.051
TX,Texas,Falls,$3.094
TX,Texas,Fannin,$3.014
TX,Texas,Fayette,$3.199
TX,Texas,Fisher,$3.249
TX,Texas,Floyd,$3.149
TX,Texas,Foard,$3.029
TX,Texas,Fort Bend,$3.025
TX,Texas,Franklin,$3.207
TX,Texas,Freestone,$3.133
TX,Texas,Frio,$3.106
TX,Texas,Gaines,$3.129
TX,Texas,Galveston,$3.079
TX,Texas,Garza,$2.989
TX,Texas,Gillespie,$3.164
TX,Texas,Glasscock,$3.352
TX,Texas,Goliad,$2.999
TX,Texas,Gonzales,$3.044
TX,Texas,Gray,$2.956
TX,Texas,Grayson,$3.046
TX,Texas,Gregg,$3.038
TX,Texas,Grimes,$3.133
TX,Texas,Guadalupe,$3.054
TX,Texas,Hale,$2.997
TX,Texas,Hall,$3.209
TX,Texas,Hamilton,$3.078
TX,Texas,Hansford,$3.096
TX,Texas,Hardeman,$3.058
TX,Texas,Hardin,$3.052
TX,Texas,Harris,$3.050
TX,Texas,Harrison,$3.219
TX,Texas,Hartley,
TX,Texas,Haskell,$2.929
TX,Texas,Hays,$3.115
TX,Texas,Hemphill,$3.069
TX,Texas,Henderson,$3.126
TX,Texas,Hidalgo,$2.911
TX,Texas,Hill,$3.050
TX,Texas,Hockley,$2.996
TX,Texas,Hood,$3.143
TX,Texas,Hopkins,$3.197
TX,Texas,Houston,$3.273
TX,Texas,Howard,$2.992
TX,Texas,Hudspeth,$3.652
TX,Texas,Hunt,$3.109
TX,Texas,Hutchinson,$3.085
TX,Texas,Irion,$3.399
TX,Texas,Jack,$3.174
TX,Texas,Jackson,$3.156
TX,Texas,Jasper,$3.135
TX,Texas,Jeff Davis,$3.389
TX,Texas,Jefferson,$3.036
TX,Texas,Jim Hogg,$3.099
TX,Texas,Jim Wells,$2.927
TX,Texas,Johnson,$3.112
TX,Texas,Jones,$3.051
TX,Texas,Karnes,$3.109
TX,Texas,Kaufman,$3.106
TX,Texas,Kendall,$3.069
TX,Texas,Kenedy,
TX,Texas,Kent,
TX,Texas,Kerr,$3.046
TX,Texas,Kimble,$3.199
TX,Texas,King,$3.099
TX,Texas,Kinney,$2.989
TX,Texas,Kleberg,$3.021
TX,Texas,Knox,$3.099
TX,Texas,La Salle,$3.016
TX,Texas,Lamar,$3.087
TX,Texas,Lamb,$3.171
TX,Texas,Lampasas,$3.064
TX,Texas,Lavaca,$3.093
TX,Texas,Lee,$3.045
TX,Texas,Leon,$3.095
TX,Texas,Liberty,$3.078
TX,Texas,Limestone,$3.115
TX,Texas,Lipscomb,$3.119
TX,Texas,Live Oak,$3.087
TX,Texas,Llano,$3.114
TX,Texas,Loving,$3.259
TX,Texas,Lubbock,$2.994
TX,Texas,Lynn,$3.256
TX,Texas,Madison,$3.088
TX,Texas,Marion,$3.094
TX,Texas,Martin,$3.416
TX,Texas,Mason,$3.415
TX,Texas,Matagorda,$3.027
TX,Texas,Maverick,$3.080
TX,Texas,McCulloch,$3.243
TX,Texas,McLennan,$3.009
TX,Texas,McMullen,$3.386
TX,Texas,Medina,$3.024
TX,Texas,Menard,$3.192
TX,Texas,Midland,$3.105
TX,Texas,Milam,$3.054
TX,Texas,Mills,$3.116
TX,Texas,Mitchell,$3.129
TX,Texas,Montague,$3.295
TX,Texas,Montgomery,$3.023
TX,Texas,Moore,$3.016
TX,Texas,Morris,$3.178
TX,Texas,Motley,$3.299
TX,Texas,Nacogdoches,$3.079
TX,Texas,Navarro,$3.185
TX,Texas,Newton,$3.214
TX,Texas,Nolan,$3.051
TX,Texas,Nueces,$2.890
TX,Texas,Ochiltree,$3.080
TX,Texas,Oldham,$3.435
TX,Texas,Orange,$3.022
TX,Texas,Palo Pinto,$3.065
TX,Texas,Panola,$3.100
TX,Texas,Parker,$3.108
TX,Texas,Parmer,$3.202
TX,Texas,Pecos,$3.192
TX,Texas,Polk,$3.087
TX,Texas,Potter,$3.037
TX,Texas,Presidio,$3.329
TX,Texas,Rains,$3.126
TX,Texas,Randall,$3.021
TX,Texas,Reagan,$3.299
TX,Texas,Real,$3.319
TX,Texas,Red River,$3.189
TX,Texas,Reeves,$3.432
TX,Texas,Refugio,$3.006
TX,Texas,Roberts,$3.789
TX,Texas,Robertson,$3.126
TX,Texas,Rockwall,$3.109
TX,Texas,Runnels,$3.115
TX,Texas,Rusk,$3.107
TX,Texas,Sabine,$3.236
TX,Texas,San Augustine,$3.204
TX,Texas,San Jacinto,$3.135
TX,Texas,San Patricio,$2.951
TX,Texas,San Saba,$3.307
TX,Texas,Schleicher,$3.299
TX,Texas,Scurry,$3.088
TX,Texas,Shackelford,$3.039
TX,Texas,Shelby,$3.116
TX,Texas,Sherman,$3.099
TX,Texas,Smith,$2.996
TX,Texas,Somervell,$3.268
TX,Texas,Starr,$2.981
TX,Texas,Stephens,$2.959
TX,Texas,Sterling,$3.154
TX,Texas,Stonewall,$3.199
TX,Texas,Sutton,$3.037
TX,Texas,Swisher,$3.199
TX,Texas,Tarrant,$3.106
TX,Texas,Taylor,$3.028
TX,Texas,Terrell,$3.399
TX,Texas,Terry,$2.990
TX,Texas,Throckmorton,$3.099
TX,Texas,Titus,$3.212
TX,Texas,Tom Green,$2.951
TX,Texas,Travis,$3.122
TX,Texas,Trinity,$3.200
TX,Texas,Tyler,$3.078
TX,Texas,Upshur,$3.118
TX,Texas,Upton,$3.495
TX,Texas,Uvalde,$3.093
TX,Texas,Val Verde,$3.033
TX,Texas,Van Zandt,$3.115
TX,Texas,Victoria,$2.909
TX,Texas,Walker,$3.078
TX,Texas,Waller,$3.083
TX,Texas,Ward,$3.316
TX,Texas,Washington,$3.110
TX,Texas,Webb,$2.940
TX,Texas,Wharton,$3.074
TX,Texas,Wheeler,$3.101
TX,Texas,Wichita,$2.958
TX,Texas,Wilbarger,$2.890
TX,Texas,Willacy,$2.839
TX,Texas,Williamson,$3.082
TX,Texas,Wilson,$3.016
TX,Texas,Winkler,$3.259
TX,Texas,Wise,$3.123
TX,Texas,Wood,$3.096
TX,Texas,Yoakum,$3.299
TX,Texas,Young,$3.225
TX,Texas,Zapata,$3.104
TX,Texas,Zavala,$3.291
MS,Mississippi,Adams,$3.090
MS,Mississippi,Alcorn,$2.916
MS,Mississippi,Amite,$2.942
MS,Mississippi,Attala,$3.094
MS,Mississippi,Benton,$2.983
MS,Mississippi,Bolivar,$2.904
MS,Mississippi,Calhoun,$3.028
MS,Mississippi,Carroll,$3.115
MS,Mississippi,Chickasaw,$2.990
MS,Mississippi,Choctaw,$3.079
MS,Mississippi,Claiborne,$3.524
MS,Mississippi,Clarke,$3.057
MS,Mississippi,Clay,$2.968
MS,Mississippi,Coahoma,$3.002
MS,Mississippi,Copiah,$2.987
MS,Mississippi,Covington,$2.983
MS,Mississippi,De Soto,$2.966
MS,Mississippi,Forrest,$2.955
MS,Mississippi,Franklin,$2.994
MS,Mississippi,George,$3.048
MS,Mississippi,Greene,$2.962
MS,Mississippi,Grenada,$3.009
MS,Mississippi,Hancock,$2.985
MS,Mississippi,Harrison,$2.866
MS,Mississippi,Hinds,$2.961
MS,Mississippi,Holmes,$3.093
MS,Mississippi,Humphreys,$3.191
MS,Mississippi,Issaquena,
MS,Mississippi,Itawamba,$2.888
MS,Mississippi,Jackson,$2.942
MS,Mississippi,Jasper,$2.863
MS,Mississippi,Jefferson,$3.099
MS,Mississippi,Jefferson Davis,$3.108
MS,Mississippi,Jones,$2.833
MS,Mississippi,Kemper,$3.059
MS,Mississippi,Lafayette,$3.117
MS,Mississippi,Lamar,$3.090
MS,Mississippi,Lauderdale,$3.003
MS,Mississippi,Lawrence,$3.086
MS,Mississippi,Leake,$3.014
MS,Mississippi,Lee,$2.928
MS,Mississippi,Leflore,$3.086
MS,Mississippi,Lincoln,$2.953
MS,Mississippi,Lowndes,$3.022
MS,Mississippi,Madison,$2.992
MS,Mississippi,Marion,$3.107
MS,Mississippi,Marshall,$2.987
MS,Mississippi,Monroe,$3.012
MS,Mississippi,Montgomery,$2.986
MS,Mississippi,Neshoba,$3.006
MS,Mississippi,Newton,$2.993
MS,Mississippi,Noxubee,$3.102
MS,Mississippi,Oktibbeha,$2.985
MS,Mississippi,Panola,$2.906
MS,Mississippi,Pearl River,$2.919
MS,Mississippi,Perry,$3.205
MS,Mississippi,Pike,$2.906
MS,Mississippi,Pontotoc,$2.947
MS,Mississippi,Prentiss,$2.906
MS,Mississippi,Quitman,$3.099
MS,Mississippi,Rankin,$2.900
MS,Mississippi,Scott,$3.052
MS,Mississippi,Sharkey,$3.199
MS,Mississippi,Simpson,$2.916
MS,Mississippi,Smith,$3.035
MS,Mississippi,Stone,$3.014
MS,Mississippi,Sunflower,$2.993
MS,Mississippi,Tallahatchie,$3.111
MS,Mississippi,Tate,$2.915
MS,Mississippi,Tippah,$2.985
MS,Mississippi,Tishomingo,$2.954
MS,Mississippi,Tunica,$3.237
MS,Mississippi,Union,$2.941
MS,Mississippi,Walthall,$3.009
MS,Mississippi,Warren,$2.992
MS,Mississippi,Washington,$2.973
MS,Mississippi,Wayne,$2.908
MS,Mississippi,Webster,$3.109
MS,Mississippi,Wilkinson,$3.059
MS,Mississippi,Winston,$3.052
MS,Mississippi,Yalobusha,$2.930
MS,Mississippi,Yazoo,$2.950
